purchased_litres,purchased_spend,attributed_litres,attributed_spend,leftover_litres,leftover_spend,prior_burned,burned_total,fold,station_code,arm
300.0,48582.5,275.0,44385.0,25.0,4197.5,25.0,300.0,1,261,model
300.0,52795.0,275.0,48222.5,25.0,4572.5,0.0,275.0,1,414,model
300.0,50030.0,275.0,45787.5,25.0,4242.5,0.0,275.0,1,429,model
300.0,48890.0,275.0,44692.5,25.0,4197.5,0.0,275.0,1,585,model
300.0,52495.0,275.0,47922.5,25.0,4572.5,0.0,275.0,1,18517,model
325.0,55582.5,275.0,47871.875,50.0,7710.625,0.0,275.0,2,261,model
300.0,54695.0,250.0,45700.0,50.0,8995.0,0.0,250.0,2,414,model
300.0,52985.0,250.0,44771.25,50.0,8213.75,0.0,250.0,2,429,model
300.0,52932.5,250.0,44762.5,50.0,8170.0,0.0,250.0,2,585,model
300.0,54470.0,250.0,45400.0,50.0,9070.0,0.0,250.0,2,18517,model
325.0,61270.0,275.0,52280.0,50.0,8990.0,0.0,275.0,3,261,model
325.0,65742.5,275.0,56072.5,50.0,9670.0,0.0,275.0,3,414,model
325.0,64337.5,275.0,54722.5,50.0,9615.0,0.0,275.0,3,429,model
325.0,64997.5,275.0,55302.5,50.0,9695.0,0.0,275.0,3,585,model
325.0,65787.5,275.0,56122.5,50.0,9665.0,0.0,275.0,3,18517,model
325.0,54507.5,275.0,45950.0,50.0,8557.5,25.0,300.0,4,261,model
300.0,55220.0,250.0,45925.0,50.0,9295.0,0.0,250.0,4,414,model
325.0,55977.5,275.0,47317.5,50.0,8660.0,0.0,275.0,4,429,model
325.0,57232.5,275.0,48645.0,50.0,8587.5,25.0,300.0,4,585,model
325.0,57317.5,275.0,48435.0,50.0,8882.5,0.0,275.0,4,18517,model
325.0,58500.0,275.0,50397.5,50.0,8102.5,0.0,275.0,5,261,model
325.0,60417.5,275.0,51122.5,50.0,9295.0,0.0,275.0,5,414,model
325.0,61337.5,275.0,52892.5,50.0,8445.0,0.0,275.0,5,429,model
325.0,61612.5,275.0,53142.5,50.0,8470.0,0.0,275.0,5,585,model
325.0,62617.5,275.0,53622.5,50.0,8995.0,0.0,275.0,5,18517,model
300.0,55915.0,275.0,51422.5,25.0,4492.5,25.0,300.0,6,261,model
300.0,55770.0,275.0,51122.5,25.0,4647.5,0.0,275.0,6,414,model
300.0,56785.0,275.0,52122.5,25.0,4662.5,25.0,300.0,6,429,model
300.0,57917.5,275.0,53255.0,25.0,4662.5,25.0,300.0,6,585,model
300.0,58970.0,275.0,54072.5,25.0,4897.5,25.0,300.0,6,18517,model
300.0,52630.0,275.0,47882.5,25.0,4747.5,25.0,300.0,7,261,model
300.0,51770.0,250.0,43475.0,50.0,8295.0,0.0,250.0,7,414,model
300.0,53840.0,275.0,48992.5,25.0,4847.5,0.0,275.0,7,429,model
300.0,55050.0,275.0,50202.5,25.0,4847.5,0.0,275.0,7,585,model
300.0,56170.0,275.0,51272.5,25.0,4897.5,25.0,300.0,7,18517,model
300.0,57960.0,275.0,53492.5,25.0,4467.5,0.0,275.0,8,261,model
325.0,67267.5,275.0,57672.5,50.0,9595.0,0.0,275.0,8,414,model
300.0,61170.0,275.0,56372.5,25.0,4797.5,0.0,275.0,8,429,model
300.0,63220.0,275.0,58297.5,25.0,4922.5,0.0,275.0,8,585,model
325.0,66942.5,275.0,57147.5,50.0,9795.0,0.0,275.0,8,18517,model
325.0,60482.5,275.0,52087.5,50.0,8395.0,25.0,300.0,9,261,model
300.0,62320.0,275.0,57772.5,25.0,4547.5,0.0,275.0,9,414,model
300.0,59395.0,275.0,54697.5,25.0,4697.5,25.0,300.0,9,429,model
300.0,60370.0,275.0,55747.5,25.0,4622.5,0.0,275.0,9,585,model
300.0,63095.0,275.0,58497.5,25.0,4597.5,0.0,275.0,9,18517,model
300.0,59870.0,275.0,54022.5,25.0,5847.5,25.0,300.0,10,261,model
300.0,61995.0,275.0,56247.5,25.0,5747.5,25.0,300.0,10,414,model
300.0,61720.0,275.0,55972.5,25.0,5747.5,25.0,300.0,10,429,model
300.0,63085.0,275.0,57237.5,25.0,5847.5,0.0,275.0,10,585,model
300.0,64395.0,275.0,58647.5,25.0,5747.5,0.0,275.0,10,18517,model
300.0,58640.0,250.0,49045.0,50.0,9595.0,0.0,250.0,11,261,model
300.0,61370.0,250.0,52125.0,50.0,9245.0,0.0,250.0,11,414,model
300.0,60495.0,250.0,50800.0,50.0,9695.0,0.0,250.0,11,429,model
300.0,62335.0,275.0,56887.5,25.0,5447.5,0.0,275.0,11,585,model
300.0,63995.0,275.0,58547.5,25.0,5447.5,0.0,275.0,11,18517,model
300.0,54300.0,275.0,49807.5,25.0,4492.5,0.0,275.0,12,261,model
300.0,55570.0,275.0,51072.5,25.0,4497.5,0.0,275.0,12,414,model
300.0,55010.0,275.0,50562.5,25.0,4447.5,0.0,275.0,12,429,model
300.0,55145.0,275.0,50597.5,25.0,4547.5,0.0,275.0,12,585,model
300.0,57270.0,275.0,52672.5,25.0,4597.5,0.0,275.0,12,18517,model
325.0,57902.5,275.0,48882.5,50.0,9020.0,25.0,300.0,13,261,model
300.0,58320.0,275.0,53622.5,25.0,4697.5,25.0,300.0,13,414,model
325.0,59697.5,275.0,50452.5,50.0,9245.0,0.0,275.0,13,429,model
325.0,61992.5,275.0,52472.5,50.0,9520.0,0.0,275.0,13,585,model
325.0,64192.5,275.0,54572.5,50.0,9620.0,25.0,300.0,13,18517,model
325.0,60602.5,275.0,51507.5,50.0,9095.0,25.0,300.0,14,261,model
325.0,60067.5,275.0,51572.5,50.0,8495.0,25.0,300.0,14,414,model
325.0,61097.5,275.0,52452.5,50.0,8645.0,25.0,300.0,14,429,model
325.0,62942.5,275.0,53847.5,50.0,9095.0,0.0,275.0,14,585,model
300.0,59620.0,275.0,54422.5,25.0,5197.5,0.0,275.0,14,18517,model
300.0,48445.0,275.0,44247.5,25.0,4197.5,0.0,275.0,1,261,oracle
300.0,52795.0,275.0,48222.5,25.0,4572.5,0.0,275.0,1,414,oracle
300.0,49880.0,275.0,45637.5,25.0,4242.5,0.0,275.0,1,429,oracle
300.0,48775.0,275.0,44577.5,25.0,4197.5,0.0,275.0,1,585,oracle
300.0,52445.0,275.0,47872.5,25.0,4572.5,0.0,275.0,1,18517,oracle
325.0,54905.0,275.0,47270.0,50.0,7635.0,0.0,275.0,2,261,oracle
300.0,54020.0,275.0,49322.5,25.0,4697.5,0.0,275.0,2,414,oracle
300.0,52547.5,250.0,44427.5,50.0,8120.0,25.0,275.0,2,429,oracle
300.0,52657.5,250.0,44487.5,50.0,8170.0,0.0,250.0,2,585,oracle
300.0,53840.0,275.0,49147.5,25.0,4692.5,0.0,275.0,2,18517,oracle
325.0,60075.0,275.0,51180.0,50.0,8895.0,0.0,275.0,3,261,oracle
325.0,64767.5,275.0,55272.5,50.0,9495.0,25.0,300.0,3,414,oracle
325.0,63157.5,275.0,53762.5,50.0,9395.0,0.0,275.0,3,429,oracle
325.0,63697.5,275.0,54302.5,50.0,9395.0,0.0,275.0,3,585,oracle
325.0,64532.5,275.0,55047.5,50.0,9485.0,0.0,275.0,3,18517,oracle
300.0,49367.5,250.0,40947.5,50.0,8420.0,0.0,250.0,4,261,oracle
300.0,55220.0,250.0,45925.0,50.0,9295.0,0.0,250.0,4,414,oracle
300.0,51250.0,250.0,42825.0,50.0,8425.0,0.0,250.0,4,429,oracle
325.0,56427.5,275.0,47992.5,50.0,8435.0,0.0,275.0,4,585,oracle
300.0,52670.0,250.0,43875.0,50.0,8795.0,0.0,250.0,4,18517,oracle
325.0,58337.5,275.0,50267.5,50.0,8070.0,0.0,275.0,5,261,oracle
325.0,60417.5,275.0,51122.5,50.0,9295.0,25.0,300.0,5,414,oracle
325.0,61212.5,275.0,52767.5,50.0,8445.0,0.0,275.0,5,429,oracle
325.0,61162.5,275.0,52692.5,50.0,8470.0,25.0,300.0,5,585,oracle
325.0,62292.5,275.0,53297.5,50.0,8995.0,0.0,275.0,5,18517,oracle
325.0,60407.5,275.0,51422.5,50.0,8985.0,25.0,300.0,6,261,oracle
325.0,60417.5,275.0,51122.5,50.0,9295.0,25.0,300.0,6,414,oracle
325.0,61397.5,275.0,52072.5,50.0,9325.0,25.0,300.0,6,429,oracle
325.0,62565.0,275.0,53240.0,50.0,9325.0,25.0,300.0,6,585,oracle
325.0,63867.5,275.0,54072.5,50.0,9795.0,25.0,300.0,6,18517,oracle
300.0,52205.0,275.0,47457.5,25.0,4747.5,0.0,275.0,7,261,oracle
300.0,51270.0,250.0,42975.0,50.0,8295.0,25.0,275.0,7,414,oracle
300.0,53300.0,275.0,48452.5,25.0,4847.5,0.0,275.0,7,429,oracle
300.0,54555.0,275.0,49707.5,25.0,4847.5,0.0,275.0,7,585,oracle
300.0,55745.0,275.0,50847.5,25.0,4897.5,0.0,275.0,7,18517,oracle
325.0,61547.5,275.0,52612.5,50.0,8935.0,0.0,275.0,8,261,oracle
325.0,65642.5,275.0,56047.5,50.0,9595.0,0.0,275.0,8,414,oracle
325.0,64192.5,275.0,54597.5,50.0,9595.0,0.0,275.0,8,429,oracle
325.0,66217.5,275.0,56372.5,50.0,9845.0,25.0,300.0,8,585,oracle
325.0,66192.5,275.0,56397.5,50.0,9795.0,0.0,275.0,8,18517,oracle
325.0,60382.5,275.0,51987.5,50.0,8395.0,25.0,300.0,9,261,oracle
325.0,66167.5,275.0,57072.5,50.0,9095.0,25.0,300.0,9,414,oracle
325.0,64092.5,275.0,54697.5,50.0,9395.0,25.0,300.0,9,429,oracle
325.0,64992.5,275.0,55747.5,50.0,9245.0,25.0,300.0,9,585,oracle
325.0,67042.5,275.0,57847.5,50.0,9195.0,25.0,300.0,9,18517,oracle
300.0,58910.0,250.0,48440.0,50.0,10470.0,25.0,275.0,10,261,oracle
300.0,61045.0,275.0,55297.5,25.0,5747.5,25.0,300.0,10,414,oracle
300.0,60770.0,275.0,55022.5,25.0,5747.5,25.0,300.0,10,429,oracle
300.0,62085.0,250.0,51445.0,50.0,10640.0,25.0,275.0,10,585,oracle
300.0,63795.0,275.0,58047.5,25.0,5747.5,25.0,300.0,10,18517,oracle
300.0,58380.0,250.0,48785.0,50.0,9595.0,0.0,250.0,11,261,oracle
300.0,60945.0,250.0,51950.0,50.0,8995.0,0.0,250.0,11,414,oracle
300.0,60195.0,250.0,50500.0,50.0,9695.0,0.0,250.0,11,429,oracle
300.0,61750.0,250.0,51305.0,50.0,10445.0,0.0,250.0,11,585,oracle
300.0,63420.0,250.0,53025.0,50.0,10395.0,0.0,250.0,11,18517,oracle
300.0,53580.0,275.0,49087.5,25.0,4492.5,0.0,275.0,12,261,oracle
325.0,59492.5,275.0,50497.5,50.0,8995.0,0.0,275.0,12,414,oracle
325.0,58862.5,275.0,49967.5,50.0,8895.0,0.0,275.0,12,429,oracle
300.0,54545.0,275.0,49997.5,25.0,4547.5,0.0,275.0,12,585,oracle
325.0,61542.5,275.0,52347.5,50.0,9195.0,0.0,275.0,12,18517,oracle
300.0,53355.0,275.0,48882.5,25.0,4472.5,25.0,300.0,13,261,oracle
325.0,62267.5,275.0,52872.5,50.0,9395.0,25.0,300.0,13,414,oracle
300.0,55075.0,275.0,50452.5,25.0,4622.5,0.0,275.0,13,429,oracle
325.0,60842.5,275.0,51597.5,50.0,9245.0,0.0,275.0,13,585,oracle
325.0,63442.5,275.0,53997.5,50.0,9445.0,25.0,300.0,13,18517,oracle
325.0,60552.5,275.0,51457.5,50.0,9095.0,25.0,300.0,14,261,oracle
325.0,59917.5,275.0,51422.5,50.0,8495.0,25.0,300.0,14,414,oracle
325.0,61037.5,275.0,52392.5,50.0,8645.0,25.0,300.0,14,429,oracle
325.0,62892.5,275.0,53797.5,50.0,9095.0,25.0,300.0,14,585,oracle
300.0,59070.0,250.0,49775.0,50.0,9295.0,25.0,275.0,14,18517,oracle
