fold,regime,val_start,val_end,val_rows,run,n_features,seed,ll_all,ll_hard25,fit_s
1,shock,2021-11-05,2022-02-02,47823,R0,54,42,0.3944593230980087,1.2810833376070383,2.2417180000047665
1,shock,2021-11-05,2022-02-02,47823,R0,54,43,0.39331041552098706,1.2554782862980078,2.0247192500100937
1,shock,2021-11-05,2022-02-02,47823,R0,54,44,0.3968359377644161,1.2736911996069324,2.100640916993143
1,shock,2021-11-05,2022-02-02,47823,R0,54,45,0.38773526980203593,1.2372809704377725,2.0705735410156194
1,shock,2021-11-05,2022-02-02,47823,R0,54,46,0.39658471707817394,1.2464709345105305,2.0735118750017136
1,shock,2021-11-05,2022-02-02,47823,R1,55,42,0.41042662526748,1.3214726232464493,2.201992375019472
1,shock,2021-11-05,2022-02-02,47823,R1,55,43,0.3882548373032887,1.2418464698477907,2.118524499994237
1,shock,2021-11-05,2022-02-02,47823,R1,55,44,0.39386037319549577,1.250866763548117,2.0875038749945816
1,shock,2021-11-05,2022-02-02,47823,R1,55,45,0.3886275434131543,1.2364992334045648,2.1125669589964673
1,shock,2021-11-05,2022-02-02,47823,R1,55,46,0.40421730667742567,1.2860665514315623,2.149138083012076
1,shock,2021-11-05,2022-02-02,47823,R2,56,42,0.4157158503800176,1.3436388159953914,2.2512583329807967
1,shock,2021-11-05,2022-02-02,47823,R2,56,43,0.4043258819914174,1.2773534310751615,2.241263042000355
1,shock,2021-11-05,2022-02-02,47823,R2,56,44,0.41614941656310844,1.3489444453083153,2.2648967079876456
1,shock,2021-11-05,2022-02-02,47823,R2,56,45,0.40192132732900593,1.298249373975387,2.2341979170159902
1,shock,2021-11-05,2022-02-02,47823,R2,56,46,0.39597381472821824,1.2605105602444788,2.2281544580182526
1,shock,2021-11-05,2022-02-02,47823,R3,55,42,0.39802859860559137,1.2765500158493641,2.1286596249847207
1,shock,2021-11-05,2022-02-02,47823,R3,55,43,0.378968287192115,1.1988793737701622,2.1321447090012953
1,shock,2021-11-05,2022-02-02,47823,R3,55,44,0.3814352263517299,1.2083833527818792,2.137144458014518
1,shock,2021-11-05,2022-02-02,47823,R3,55,45,0.39899749656479466,1.296594162842401,2.108445167017635
1,shock,2021-11-05,2022-02-02,47823,R3,55,46,0.4072883090226762,1.3035408950654563,2.2132194159785286
2,normal,2022-02-03,2022-05-03,49966,R0,54,42,0.24565167645024125,0.8575109878583437,2.2500885000044946
2,normal,2022-02-03,2022-05-03,49966,R0,54,43,0.25723263810415337,0.8345407475757499,2.129765707999468
2,normal,2022-02-03,2022-05-03,49966,R0,54,44,0.23014012863340874,0.7811035472562547,2.128693665988976
2,normal,2022-02-03,2022-05-03,49966,R0,54,45,0.2787728015747573,0.9149353169102312,2.1327833340037614
2,normal,2022-02-03,2022-05-03,49966,R0,54,46,0.26074310295435726,0.8380078851737544,2.2228872919804417
2,normal,2022-02-03,2022-05-03,49966,R1,55,42,0.26192748356167816,0.8788932368630265,2.3472324580070563
2,normal,2022-02-03,2022-05-03,49966,R1,55,43,0.25723263810415337,0.8345407475757499,2.4263377909956034
2,normal,2022-02-03,2022-05-03,49966,R1,55,44,0.25130007257287834,0.8371324842618422,2.2944655420142226
2,normal,2022-02-03,2022-05-03,49966,R1,55,45,0.25690304237380496,0.8664860306477472,2.3471734169870615
2,normal,2022-02-03,2022-05-03,49966,R1,55,46,0.2290548579385748,0.7612202055333789,2.1851073750003707
2,normal,2022-02-03,2022-05-03,49966,R2,56,42,0.2570067459680602,0.8669492015388658,2.4679692089848686
2,normal,2022-02-03,2022-05-03,49966,R2,56,43,0.23574915529105495,0.7935612342104846,2.3368662080029026
2,normal,2022-02-03,2022-05-03,49966,R2,56,44,0.2451182971625775,0.8177300854777129,2.361165209003957
2,normal,2022-02-03,2022-05-03,49966,R2,56,45,0.25529531327298705,0.85279500512963,2.333521666994784
2,normal,2022-02-03,2022-05-03,49966,R2,56,46,0.2607369031980043,0.8614688187053465,2.329104709002422
2,normal,2022-02-03,2022-05-03,49966,R3,55,42,0.3001836619833842,0.962754410554729,2.3229734170017764
2,normal,2022-02-03,2022-05-03,49966,R3,55,43,0.23203551038289025,0.7637485998410373,2.440219541982515
2,normal,2022-02-03,2022-05-03,49966,R3,55,44,0.24597614725919656,0.8191923286026722,2.3113530419941526
2,normal,2022-02-03,2022-05-03,49966,R3,55,45,0.2784237208175183,0.9402173932346016,2.6270250000234228
2,normal,2022-02-03,2022-05-03,49966,R3,55,46,0.24620745157953255,0.8116024946992826,2.2865869579836726
3,normal,2022-05-04,2022-08-01,53719,R0,54,42,0.3630054734142105,1.2557431804807724,2.5346506670175586
3,normal,2022-05-04,2022-08-01,53719,R0,54,43,0.314096681035726,1.0812492692641837,2.469436625018716
3,normal,2022-05-04,2022-08-01,53719,R0,54,44,0.33132815225061213,1.121678461817678,2.3517234589962754
3,normal,2022-05-04,2022-08-01,53719,R0,54,45,0.346386173673675,1.1990024903878451,2.3576192920154426
3,normal,2022-05-04,2022-08-01,53719,R0,54,46,0.3819958568087704,1.3032036925496506,2.421410167007707
3,normal,2022-05-04,2022-08-01,53719,R1,55,42,0.3717917971937622,1.256423589405955,2.5674541250045877
3,normal,2022-05-04,2022-08-01,53719,R1,55,43,0.32247977882597356,1.0895070714708444,2.4791318330098875
3,normal,2022-05-04,2022-08-01,53719,R1,55,44,0.3346780684330427,1.1501205129135925,2.419716125004925
3,normal,2022-05-04,2022-08-01,53719,R1,55,45,0.32822785736002336,1.1261024556432406,2.3928923750063404
3,normal,2022-05-04,2022-08-01,53719,R1,55,46,0.34438093236989054,1.1264869437544693,2.396576750004897
3,normal,2022-05-04,2022-08-01,53719,R2,56,42,0.3213320353981632,1.1047941566274406,2.5751867079816293
3,normal,2022-05-04,2022-08-01,53719,R2,56,43,0.35662182833853967,1.166175421811348,2.5037128750118427
3,normal,2022-05-04,2022-08-01,53719,R2,56,44,0.4016293925850446,1.162867396021537,2.4714851250173524
3,normal,2022-05-04,2022-08-01,53719,R2,56,45,0.3260858631557106,1.130130950794378,2.5088956659892574
3,normal,2022-05-04,2022-08-01,53719,R2,56,46,0.31583011576518,1.0771226769382978,2.5330242500058375
3,normal,2022-05-04,2022-08-01,53719,R3,55,42,0.38370132238913124,1.2672366742662438,2.3928119580086786
3,normal,2022-05-04,2022-08-01,53719,R3,55,43,0.31657092866722947,1.0814323270535318,2.3783489170018584
3,normal,2022-05-04,2022-08-01,53719,R3,55,44,0.3150215284703943,1.0908078366529927,2.3592870839929674
3,normal,2022-05-04,2022-08-01,53719,R3,55,45,0.37827423500745794,1.281638685757165,2.4170974580047186
3,normal,2022-05-04,2022-08-01,53719,R3,55,46,0.3522629246636539,1.2382763446491742,2.4102526670030784
4,shock,2022-08-02,2022-10-30,58317,R0,54,42,0.4500097497069077,1.3489824515771274,2.587723333010217
4,shock,2022-08-02,2022-10-30,58317,R0,54,43,0.4263807946219231,1.1877449281503638,2.398799374990631
4,shock,2022-08-02,2022-10-30,58317,R0,54,44,0.46905518359431525,1.3059395089462347,2.5186140000005253
4,shock,2022-08-02,2022-10-30,58317,R0,54,45,0.39738755362898326,1.1405638934387845,2.4352040000085253
4,shock,2022-08-02,2022-10-30,58317,R0,54,46,0.4228459430268547,1.186974813289392,2.422126624995144
4,shock,2022-08-02,2022-10-30,58317,R1,55,42,0.46989322244128706,1.314866774492832,2.5515725419973023
4,shock,2022-08-02,2022-10-30,58317,R1,55,43,0.43172393641393325,1.1921225202500612,2.454240250022849
4,shock,2022-08-02,2022-10-30,58317,R1,55,44,0.43422231249151844,1.1978792160538834,2.639098624989856
4,shock,2022-08-02,2022-10-30,58317,R1,55,45,0.41827782040190503,1.1569647347612142,2.545372916996712
4,shock,2022-08-02,2022-10-30,58317,R1,55,46,0.5345307150987101,1.5689465816407864,2.482580500014592
4,shock,2022-08-02,2022-10-30,58317,R2,56,42,0.4357158302748426,1.2455999512611635,2.8702029589912854
4,shock,2022-08-02,2022-10-30,58317,R2,56,43,0.45758898646127427,1.3015410166539447,2.949968708009692
4,shock,2022-08-02,2022-10-30,58317,R2,56,44,0.49516747211135237,1.443405249763075,2.9415727090090513
4,shock,2022-08-02,2022-10-30,58317,R2,56,45,0.3991167260194977,1.098537107230601,3.06024587500724
4,shock,2022-08-02,2022-10-30,58317,R2,56,46,0.4204780630512082,1.1472875196757506,2.8934729160100687
4,shock,2022-08-02,2022-10-30,58317,R3,55,42,0.3967531761986385,1.1246735833760106,2.611134292004863
4,shock,2022-08-02,2022-10-30,58317,R3,55,43,0.40200385052321197,1.1309551354623337,2.5609143330075312
4,shock,2022-08-02,2022-10-30,58317,R3,55,44,0.4197174902911539,1.1559963973607248,2.536058375000721
4,shock,2022-08-02,2022-10-30,58317,R3,55,45,0.45238418550390846,1.268092050808631,2.6807275830069557
4,shock,2022-08-02,2022-10-30,58317,R3,55,46,0.421001363508881,1.1396303101785628,2.882874125003582
5,normal,2022-10-31,2023-01-28,57613,R0,54,42,0.2556742766368729,0.8311591151739205,3.1099462499842048
5,normal,2022-10-31,2023-01-28,57613,R0,54,43,0.2649103372638964,0.8324812582589846,3.001035666995449
5,normal,2022-10-31,2023-01-28,57613,R0,54,44,0.3446947836894145,0.8109266858916483,2.906915542000206
5,normal,2022-10-31,2023-01-28,57613,R0,54,45,0.2686671428103572,0.8184990213517201,2.949154208006803
5,normal,2022-10-31,2023-01-28,57613,R0,54,46,0.2625395560077243,0.8494548086062713,2.9557313339901157
5,normal,2022-10-31,2023-01-28,57613,R1,55,42,0.2548095611849598,0.8384315108835618,3.165027666982496
5,normal,2022-10-31,2023-01-28,57613,R1,55,43,0.2547381250745126,0.8227701722428636,3.0289640830014832
5,normal,2022-10-31,2023-01-28,57613,R1,55,44,0.26226680762119203,0.8300553304715524,2.9342876250157133
5,normal,2022-10-31,2023-01-28,57613,R1,55,45,0.26128138117724664,0.8365829094597167,2.953769250016194
5,normal,2022-10-31,2023-01-28,57613,R1,55,46,0.26830918458753694,0.8612220239738982,3.0195127920014784
5,normal,2022-10-31,2023-01-28,57613,R2,56,42,0.2624551095074299,0.8571891807904811,3.3032941250130534
5,normal,2022-10-31,2023-01-28,57613,R2,56,43,0.2976978436657742,0.8751417140610048,3.3623683339974377
5,normal,2022-10-31,2023-01-28,57613,R2,56,44,0.26801202296343396,0.8458713643018982,3.184606625000015
5,normal,2022-10-31,2023-01-28,57613,R2,56,45,0.2559933033349571,0.8361980486134775,3.148801250004908
5,normal,2022-10-31,2023-01-28,57613,R2,56,46,0.2616548862894486,0.8551593774206494,3.274542042025132
5,normal,2022-10-31,2023-01-28,57613,R3,55,42,0.25545559268524104,0.8234154361855128,3.1014149590046145
5,normal,2022-10-31,2023-01-28,57613,R3,55,43,0.2596779520590805,0.8464561619564054,3.2262522079981863
5,normal,2022-10-31,2023-01-28,57613,R3,55,44,0.25732504266830725,0.819061302417938,2.6541567080130335
5,normal,2022-10-31,2023-01-28,57613,R3,55,45,0.25884645409768137,0.8339007657419435,2.685128875018563
5,normal,2022-10-31,2023-01-28,57613,R3,55,46,0.255722796631446,0.8203148609479365,2.779919291002443
6,normal,2023-01-29,2023-04-28,57361,R0,54,42,0.21989976344159537,0.7751428476199705,2.7481885419983882
6,normal,2023-01-29,2023-04-28,57361,R0,54,43,0.21115017020958593,0.746742826028444,2.686494291992858
6,normal,2023-01-29,2023-04-28,57361,R0,54,44,0.2193198931143551,0.7635826728765871,2.641494582989253
6,normal,2023-01-29,2023-04-28,57361,R0,54,45,0.21661016271550754,0.7566988713023517,2.685410750011215
6,normal,2023-01-29,2023-04-28,57361,R0,54,46,0.22080167258930147,0.7696472890114253,2.741089416987961
6,normal,2023-01-29,2023-04-28,57361,R1,55,42,0.22000780826164945,0.7551200961237816,2.8015449159720447
6,normal,2023-01-29,2023-04-28,57361,R1,55,43,0.22510759978643638,0.7795212743330249,2.7553334579861257
6,normal,2023-01-29,2023-04-28,57361,R1,55,44,0.2371378591362607,0.7587831417670627,2.8511949999956414
6,normal,2023-01-29,2023-04-28,57361,R1,55,45,0.22955986136970155,0.7658625903285313,3.3062446670082863
6,normal,2023-01-29,2023-04-28,57361,R1,55,46,0.2234872458755671,0.7748795295166063,2.7673592079954688
6,normal,2023-01-29,2023-04-28,57361,R2,56,42,0.2161667392624542,0.7438614880512144,3.0546921659843065
6,normal,2023-01-29,2023-04-28,57361,R2,56,43,0.21765856333232017,0.7588678488285989,2.998622915998567
6,normal,2023-01-29,2023-04-28,57361,R2,56,44,0.21697145286271474,0.7648140993166782,2.8863011249923147
6,normal,2023-01-29,2023-04-28,57361,R2,56,45,0.21759477479401448,0.7567617953202487,2.9214909590082243
6,normal,2023-01-29,2023-04-28,57361,R2,56,46,0.22204353849572633,0.7664981685435197,2.8631729170156177
6,normal,2023-01-29,2023-04-28,57361,R3,55,42,0.21413968286829338,0.751597720316792,2.7301046250213403
6,normal,2023-01-29,2023-04-28,57361,R3,55,43,0.21445965834918926,0.7475459895423214,2.805846500006737
6,normal,2023-01-29,2023-04-28,57361,R3,55,44,0.21648432639149973,0.7640811548432698,2.72583075001603
6,normal,2023-01-29,2023-04-28,57361,R3,55,45,0.21567179236174913,0.7555689732460064,2.682900250016246
6,normal,2023-01-29,2023-04-28,57361,R3,55,46,0.21361616829113264,0.7533482396666179,2.7862701670092065
7,normal,2023-04-29,2023-07-27,57651,R0,54,42,0.2795969983503301,0.9338878633444746,3.0647658329980914
7,normal,2023-04-29,2023-07-27,57651,R0,54,43,0.2954885525356249,1.014987299492864,2.9162208750203717
7,normal,2023-04-29,2023-07-27,57651,R0,54,44,0.29113484543062706,0.9848162920487119,2.817100375017617
7,normal,2023-04-29,2023-07-27,57651,R0,54,45,0.2760265536925689,0.9065935690218279,2.7745066249917727
7,normal,2023-04-29,2023-07-27,57651,R0,54,46,0.2752226909772499,0.9101923138605469,2.7934382910025306
7,normal,2023-04-29,2023-07-27,57651,R1,55,42,0.278229491724784,0.9265279861626279,2.945272124983603
7,normal,2023-04-29,2023-07-27,57651,R1,55,43,0.2910040843752853,1.0019120402656716,2.829564665997168
7,normal,2023-04-29,2023-07-27,57651,R1,55,44,0.31584444571752385,0.994781957383845,2.8925795419781934
7,normal,2023-04-29,2023-07-27,57651,R1,55,45,0.28530811556598534,0.9741149827147126,2.9138115830137394
7,normal,2023-04-29,2023-07-27,57651,R1,55,46,0.27880300031907707,0.9226088867562177,2.9065007919853088
7,normal,2023-04-29,2023-07-27,57651,R2,56,42,0.28092237322106756,0.9519557795534332,3.0881809999991674
7,normal,2023-04-29,2023-07-27,57651,R2,56,43,0.28549724620300376,0.9410179169139122,3.100364832993364
7,normal,2023-04-29,2023-07-27,57651,R2,56,44,0.2913711393972947,0.9954885884540811,2.971833499992499
7,normal,2023-04-29,2023-07-27,57651,R2,56,45,0.2757389508814411,0.922543217497587,2.956206375005422
7,normal,2023-04-29,2023-07-27,57651,R2,56,46,0.2980505212358346,1.0284856718920778,3.0100188750075176
7,normal,2023-04-29,2023-07-27,57651,R3,55,42,0.2873711678897854,0.9778186145008281,3.3018356249958742
7,normal,2023-04-29,2023-07-27,57651,R3,55,43,0.28477479049236454,0.9706502973002983,2.8818079589982517
7,normal,2023-04-29,2023-07-27,57651,R3,55,44,0.2949060873729856,1.0021164018867896,2.8485748330131173
7,normal,2023-04-29,2023-07-27,57651,R3,55,45,0.2790386664083363,0.9266934301996501,3.0453160410106648
7,normal,2023-04-29,2023-07-27,57651,R3,55,46,0.28511080287692725,0.9671356057318278,2.828545833006501
8,normal,2023-07-28,2023-10-25,59700,R0,54,42,0.2449024782370513,0.9531278505773263,3.191856874997029
8,normal,2023-07-28,2023-10-25,59700,R0,54,43,0.25726059364089177,1.007121335531417,2.9256448340020142
8,normal,2023-07-28,2023-10-25,59700,R0,54,44,0.2630607739526757,1.0253970477220482,2.9491833749925718
8,normal,2023-07-28,2023-10-25,59700,R0,54,45,0.24710104696401108,0.9640817169792675,2.869121083000209
8,normal,2023-07-28,2023-10-25,59700,R0,54,46,0.25810032609676004,1.0088684329413449,2.917107750021387
8,normal,2023-07-28,2023-10-25,59700,R1,55,42,0.256141526056183,0.9962976345152375,3.1214664590079337
8,normal,2023-07-28,2023-10-25,59700,R1,55,43,0.2645559282015163,1.0343719310578645,3.215906333993189
8,normal,2023-07-28,2023-10-25,59700,R1,55,44,0.26089126806712964,1.0197739229655982,2.939049332984723
8,normal,2023-07-28,2023-10-25,59700,R1,55,45,0.2609288406418472,1.0188450296658964,2.927988333016401
8,normal,2023-07-28,2023-10-25,59700,R1,55,46,0.2674366929160279,1.046785882254029,2.953445124992868
8,normal,2023-07-28,2023-10-25,59700,R2,56,42,0.2503094807774719,0.9721948478649044,3.349651875003474
8,normal,2023-07-28,2023-10-25,59700,R2,56,43,0.2733361479674884,1.053235429387678,3.2446162909909617
8,normal,2023-07-28,2023-10-25,59700,R2,56,44,0.25931848791310935,1.0131588909996718,3.28723399998853
8,normal,2023-07-28,2023-10-25,59700,R2,56,45,0.249072471438568,0.9646237344788665,3.2601372499775607
8,normal,2023-07-28,2023-10-25,59700,R2,56,46,0.26090143800988724,1.0201386183405587,3.1297954590118024
8,normal,2023-07-28,2023-10-25,59700,R3,55,42,0.2628998412607558,1.0291357859874837,2.9943016249744687
8,normal,2023-07-28,2023-10-25,59700,R3,55,43,0.2559164259980551,0.9982670801734921,2.958039750024909
8,normal,2023-07-28,2023-10-25,59700,R3,55,44,0.24682240196000146,0.9617195110531159,2.928552083001705
8,normal,2023-07-28,2023-10-25,59700,R3,55,45,0.25573517991300393,0.9982369329098367,2.930295333993854
8,normal,2023-07-28,2023-10-25,59700,R3,55,46,0.2605705672516729,1.0177864592053791,3.1024435000144877
9,shock,2023-10-26,2024-01-23,60022,R0,54,42,0.3652471440392623,1.2365958341652594,3.30062274998636
9,shock,2023-10-26,2024-01-23,60022,R0,54,43,0.36608232585239003,1.2403137893236378,3.1311187500250526
9,shock,2023-10-26,2024-01-23,60022,R0,54,44,0.37702284444823914,1.258150279064481,3.0308557090174872
9,shock,2023-10-26,2024-01-23,60022,R0,54,45,0.3753029936738672,1.2577277653764007,3.0158744170039427
9,shock,2023-10-26,2024-01-23,60022,R0,54,46,0.37119982577351285,1.225494903595769,3.009941249998519
9,shock,2023-10-26,2024-01-23,60022,R1,55,42,0.3650937746875955,1.2339094232731909,3.138234250014648
9,shock,2023-10-26,2024-01-23,60022,R1,55,43,0.36776194611583407,1.2541344997516144,3.0567214170005172
9,shock,2023-10-26,2024-01-23,60022,R1,55,44,0.37705703875946645,1.2722880645154935,3.0329045839898754
9,shock,2023-10-26,2024-01-23,60022,R1,55,45,0.3679974827436933,1.2355409532876112,3.0269142920151353
9,shock,2023-10-26,2024-01-23,60022,R1,55,46,0.37444024858253877,1.2549018116029604,3.060512916999869
9,shock,2023-10-26,2024-01-23,60022,R2,56,42,0.3532015855712466,1.1888210158520687,3.8480746249842923
9,shock,2023-10-26,2024-01-23,60022,R2,56,43,0.36062146027996633,1.1999121501025645,3.6141062910028268
9,shock,2023-10-26,2024-01-23,60022,R2,56,44,0.36412514959852343,1.2089181119516172,3.3096319169853814
9,shock,2023-10-26,2024-01-23,60022,R2,56,45,0.3568878479939579,1.203316922004843,3.3626533330243547
9,shock,2023-10-26,2024-01-23,60022,R2,56,46,0.3761723306313892,1.2560108105814287,3.266274291992886
9,shock,2023-10-26,2024-01-23,60022,R3,55,42,0.37390588333304053,1.2586180080259852,3.041734957980225
9,shock,2023-10-26,2024-01-23,60022,R3,55,43,0.3715715629203879,1.2554248562790524,3.0280567499867175
9,shock,2023-10-26,2024-01-23,60022,R3,55,44,0.36670694437001805,1.2182654371705188,3.04880958297872
9,shock,2023-10-26,2024-01-23,60022,R3,55,45,0.35375769459687506,1.1719519395452125,3.0478982079948764
9,shock,2023-10-26,2024-01-23,60022,R3,55,46,0.3755745739033815,1.2530990146869858,3.1734167079848703
10,normal,2024-01-24,2024-04-22,58953,R0,54,42,0.24976019211856523,0.9384680097348075,3.2565695410012268
10,normal,2024-01-24,2024-04-22,58953,R0,54,43,0.2530974641974616,0.943411626547397,3.157111500011524
10,normal,2024-01-24,2024-04-22,58953,R0,54,44,0.25033854307060255,0.9314467714487301,3.1470057499827817
10,normal,2024-01-24,2024-04-22,58953,R0,54,45,0.252372953118842,0.9462670827520302,3.2216695829993114
10,normal,2024-01-24,2024-04-22,58953,R0,54,46,0.2467832497471473,0.9178568941782096,3.3327015419781674
10,normal,2024-01-24,2024-04-22,58953,R1,55,42,0.25858945294925884,0.9753055794069576,3.715627832978498
10,normal,2024-01-24,2024-04-22,58953,R1,55,43,0.25014812949000126,0.9357024532476762,3.27341962500941
10,normal,2024-01-24,2024-04-22,58953,R1,55,44,0.25360594397771924,0.9396246688286928,3.1904001249931753
10,normal,2024-01-24,2024-04-22,58953,R1,55,45,0.2507674499726205,0.9340593991996091,3.2596778750012163
10,normal,2024-01-24,2024-04-22,58953,R1,55,46,0.2513630629929537,0.9364354039754853,3.2360262500005774
10,normal,2024-01-24,2024-04-22,58953,R2,56,42,0.25577300420283056,0.9599376588950024,3.6466425000107847
10,normal,2024-01-24,2024-04-22,58953,R2,56,43,0.24411343088600707,0.9106840132427289,3.4619625420018565
10,normal,2024-01-24,2024-04-22,58953,R2,56,44,0.24787590910173793,0.9238547752935259,3.4033834580041002
10,normal,2024-01-24,2024-04-22,58953,R2,56,45,0.24456938689945446,0.9104230965037797,3.4851153750205413
10,normal,2024-01-24,2024-04-22,58953,R2,56,46,0.25839084619866115,0.9635220846050361,3.6418915840040427
10,normal,2024-01-24,2024-04-22,58953,R3,55,42,0.25417515014478476,0.9529242473682029,3.3873445419885684
10,normal,2024-01-24,2024-04-22,58953,R3,55,43,0.25130730418791025,0.9376092680846035,3.4803960419958457
10,normal,2024-01-24,2024-04-22,58953,R3,55,44,0.2546219310334568,0.9506512843060814,3.4573647910146974
10,normal,2024-01-24,2024-04-22,58953,R3,55,45,0.25050971152999507,0.9324796850798692,3.3247594590066
10,normal,2024-01-24,2024-04-22,58953,R3,55,46,0.25237195834373655,0.939898114978557,3.216367208020529
11,normal,2024-04-23,2024-07-21,59790,R0,54,42,0.3341659771334609,1.0925922854269883,3.484838457981823
11,normal,2024-04-23,2024-07-21,59790,R0,54,43,0.35250091898109537,1.1581404047384214,3.2633913330209907
11,normal,2024-04-23,2024-07-21,59790,R0,54,44,0.3367284352996944,1.1010957013094453,3.3181416660081595
11,normal,2024-04-23,2024-07-21,59790,R0,54,45,0.3385466078477342,1.1021854177690242,3.2542041660053656
11,normal,2024-04-23,2024-07-21,59790,R0,54,46,0.32720686893895784,1.0842847901824544,3.2446152920019813
11,normal,2024-04-23,2024-07-21,59790,R1,55,42,0.3378597300421643,1.1086048103859485,3.3259633329871576
11,normal,2024-04-23,2024-07-21,59790,R1,55,43,0.34060183542705846,1.1213084007196608,3.337509915989358
11,normal,2024-04-23,2024-07-21,59790,R1,55,44,0.3413154278329869,1.0735104569948861,3.3472189159947447
11,normal,2024-04-23,2024-07-21,59790,R1,55,45,0.3375222945276774,1.0955849713727128,3.3676334170158952
11,normal,2024-04-23,2024-07-21,59790,R1,55,46,0.33189436901956215,1.0867863473714177,3.4159015830082353
11,normal,2024-04-23,2024-07-21,59790,R2,56,42,0.32119319539398017,1.0298761876159024,3.7433647500001825
11,normal,2024-04-23,2024-07-21,59790,R2,56,43,0.33992048871266606,1.110912406432511,3.5483869159943424
11,normal,2024-04-23,2024-07-21,59790,R2,56,44,0.3293019798300328,1.0501605787997588,3.491558707988588
11,normal,2024-04-23,2024-07-21,59790,R2,56,45,0.3201075138634479,1.0512505186803331,3.5163322089938447
11,normal,2024-04-23,2024-07-21,59790,R2,56,46,0.3359068942049475,1.1074213659676588,3.5386235839978326
11,normal,2024-04-23,2024-07-21,59790,R3,55,42,0.32759765116172523,1.0600452816971577,3.2998982919962145
11,normal,2024-04-23,2024-07-21,59790,R3,55,43,0.32502658907364856,1.0590221327897187,3.2856285420130007
11,normal,2024-04-23,2024-07-21,59790,R3,55,44,0.3232987057093746,1.0527384223494418,3.3813435419870075
11,normal,2024-04-23,2024-07-21,59790,R3,55,45,0.3145353443690648,1.011067944865266,3.2846989590034354
11,normal,2024-04-23,2024-07-21,59790,R3,55,46,0.3542887437648074,1.1515957265256247,3.296572124992963
12,normal,2024-07-22,2024-10-19,60944,R0,54,42,0.31613581433583243,1.0650177436506523,3.5659020000020973
12,normal,2024-07-22,2024-10-19,60944,R0,54,43,0.32333509191609733,1.0978204495224002,3.3401677499932703
12,normal,2024-07-22,2024-10-19,60944,R0,54,44,0.3115263787638104,1.0511229351970728,3.3796150410198607
12,normal,2024-07-22,2024-10-19,60944,R0,54,45,0.3212575731371968,1.093082153651651,3.351683791988762
12,normal,2024-07-22,2024-10-19,60944,R0,54,46,0.32686029101600733,1.1140904842516839,3.356789083016338
12,normal,2024-07-22,2024-10-19,60944,R1,55,42,0.3106545757115711,1.049471941103069,3.5519378330209292
12,normal,2024-07-22,2024-10-19,60944,R1,55,43,0.32135126039369893,1.0904096949441857,3.4123470000049565
12,normal,2024-07-22,2024-10-19,60944,R1,55,44,0.3273445022889138,1.0580698599399596,3.43995925001218
12,normal,2024-07-22,2024-10-19,60944,R1,55,45,0.32607658729556976,1.108276001438732,3.7339961669931654
12,normal,2024-07-22,2024-10-19,60944,R1,55,46,0.3289452787702578,1.1136916261984535,3.7337611660186667
12,normal,2024-07-22,2024-10-19,60944,R2,56,42,0.3094921005819652,1.0384778819474587,3.998329249996459
12,normal,2024-07-22,2024-10-19,60944,R2,56,43,0.32610104842741927,1.0960930561928734,3.588606790988706
12,normal,2024-07-22,2024-10-19,60944,R2,56,44,0.3181284791573643,1.0782089116840232,3.5937084580073133
12,normal,2024-07-22,2024-10-19,60944,R2,56,45,0.31584384435496005,1.0599600904045001,3.6137981670035515
12,normal,2024-07-22,2024-10-19,60944,R2,56,46,0.31724244587526695,1.0663367664794636,3.6156622499984223
12,normal,2024-07-22,2024-10-19,60944,R3,55,42,0.3239833895891445,1.1051548432758096,3.5341814999992494
12,normal,2024-07-22,2024-10-19,60944,R3,55,43,0.3224820029741438,1.113360871987116,3.4045528339920565
12,normal,2024-07-22,2024-10-19,60944,R3,55,44,0.31144516251776844,1.035363327061189,3.371219624998048
12,normal,2024-07-22,2024-10-19,60944,R3,55,45,0.334937793301078,1.1050859141469391,3.402342875022441
12,normal,2024-07-22,2024-10-19,60944,R3,55,46,0.32267156883436043,1.0908032175921207,3.4127662089886144
13,shock,2024-10-20,2025-01-17,59434,R0,54,42,0.3052475208119356,1.0562344960150212,3.774412124999799
13,shock,2024-10-20,2025-01-17,59434,R0,54,43,0.2903470865722773,0.9895272149537386,3.4984820839890745
13,shock,2024-10-20,2025-01-17,59434,R0,54,44,0.30399049330867967,1.0155241243839723,3.551865249988623
13,shock,2024-10-20,2025-01-17,59434,R0,54,45,0.28753440668121,0.9817708838244994,3.6564782499917783
13,shock,2024-10-20,2025-01-17,59434,R0,54,46,0.2964192054237112,1.0025821547096394,3.564799249987118
13,shock,2024-10-20,2025-01-17,59434,R1,55,42,0.2973735613536331,1.0243309715433995,3.7074142920027953
13,shock,2024-10-20,2025-01-17,59434,R1,55,43,0.3035159514656748,1.0399089243268782,3.5270027079968713
13,shock,2024-10-20,2025-01-17,59434,R1,55,44,0.29839981623880396,1.0265138459377794,3.584268458012957
13,shock,2024-10-20,2025-01-17,59434,R1,55,45,0.3009226848216707,1.0184396333647092,3.5417160830111243
13,shock,2024-10-20,2025-01-17,59434,R1,55,46,0.28924183919750623,0.9910167090547236,3.6401918749907054
13,shock,2024-10-20,2025-01-17,59434,R2,56,42,0.2951836328759553,1.0098873865410247,3.94604700000491
13,shock,2024-10-20,2025-01-17,59434,R2,56,43,0.2976700846903922,1.023434664749604,3.9544926249946
13,shock,2024-10-20,2025-01-17,59434,R2,56,44,0.29765466193496676,1.0256178119859691,4.057809749996522
13,shock,2024-10-20,2025-01-17,59434,R2,56,45,0.2981750288546647,1.0303838818646043,4.179887417005375
13,shock,2024-10-20,2025-01-17,59434,R2,56,46,0.3067383513590938,1.0445697658588629,3.7169830829952843
13,shock,2024-10-20,2025-01-17,59434,R3,55,42,0.305211644029794,0.9879577244141698,3.512610792007763
13,shock,2024-10-20,2025-01-17,59434,R3,55,43,0.2942695273154381,1.0125343016207127,3.5069197499833535
13,shock,2024-10-20,2025-01-17,59434,R3,55,44,0.2965848511747527,1.0266904100704204,3.524402957991697
13,shock,2024-10-20,2025-01-17,59434,R3,55,45,0.29230995078872185,0.997679872858877,3.527273999992758
13,shock,2024-10-20,2025-01-17,59434,R3,55,46,0.30624705779220324,1.0506472643866425,3.482418500003405
14,normal,2025-01-18,2025-04-17,57318,R0,54,42,0.3520067533937639,1.185188081593062,3.6344157079875004
14,normal,2025-01-18,2025-04-17,57318,R0,54,43,0.3429082311490428,1.1449458173477376,3.5965800840058364
14,normal,2025-01-18,2025-04-17,57318,R0,54,44,0.34360286715828453,1.1392656289408085,3.565390874980949
14,normal,2025-01-18,2025-04-17,57318,R0,54,45,0.3454444970592136,1.1420227136498813,3.5664560410077684
14,normal,2025-01-18,2025-04-17,57318,R0,54,46,0.3502790211109661,1.1559973197218412,3.571759749989724
14,normal,2025-01-18,2025-04-17,57318,R1,55,42,0.3514154237097176,1.1739274175888157,3.7530985420162324
14,normal,2025-01-18,2025-04-17,57318,R1,55,43,0.34365896284445785,1.1509283889665036,3.7255277080112137
14,normal,2025-01-18,2025-04-17,57318,R1,55,44,0.3421571795903623,1.1395860099175443,3.6749959170119837
14,normal,2025-01-18,2025-04-17,57318,R1,55,45,0.35179326127749855,1.1801243482804915,3.767256124992855
14,normal,2025-01-18,2025-04-17,57318,R1,55,46,0.350165592309348,1.1579442684595316,3.712150582985487
14,normal,2025-01-18,2025-04-17,57318,R2,56,42,0.3541381317895421,1.1811199994817787,4.211391333985375
14,normal,2025-01-18,2025-04-17,57318,R2,56,43,0.34772825687635883,1.1430349428581081,3.945136916008778
14,normal,2025-01-18,2025-04-17,57318,R2,56,44,0.3495385408547264,1.1625358145403426,3.8659970829903614
14,normal,2025-01-18,2025-04-17,57318,R2,56,45,0.3595850722994861,1.2092612622134544,3.8654323339869734
14,normal,2025-01-18,2025-04-17,57318,R2,56,46,0.3517267435304733,1.1797211038816264,3.8890430409810506
14,normal,2025-01-18,2025-04-17,57318,R3,55,42,0.35785828443833423,1.20925783376362,3.6429147080052644
14,normal,2025-01-18,2025-04-17,57318,R3,55,43,0.34677407414971123,1.1470990042359681,3.6763576660014223
14,normal,2025-01-18,2025-04-17,57318,R3,55,44,0.3501178845042039,1.1642117491499935,3.650319790991489
14,normal,2025-01-18,2025-04-17,57318,R3,55,45,0.3540914141731788,1.183743158969339,3.655538459017407
14,normal,2025-01-18,2025-04-17,57318,R3,55,46,0.34475713895344595,1.1540798313735323,3.674714209017111
