fold,regime,run,ll_all_mean,ll_all_median,ll_all_seedstd,ll_hard25_mean,ll_hard25_median,ll_hard25_seedstd,ll_hard10_mean,ll_hard10_median,ll_hard10_seedstd,ll_lated_mean,ll_lated_median,ll_lated_seedstd,ll_all_mean_base,ll_hard25_mean_base,ll_hard10_mean_base,ll_lated_mean_base,ll_all_median_base,ll_hard25_median_base,ll_hard10_median_base,ll_lated_median_base,delta_ll_all_mean,delta_ll_all_median,delta_ll_hard25_mean,delta_ll_hard25_median,delta_ll_hard10_mean,delta_ll_hard10_median,delta_ll_lated_mean,delta_ll_lated_median
1,shock,R0,0.40427942889659907,0.4009560302149539,0.010201926324700518,1.2620248172258217,1.266633065071017,0.05614119051915161,1.8949434593106542,1.8873505341192027,0.06562247105978346,0.5595956552597944,0.5564559898051762,0.019747810928706717,0.40427942889659907,1.2620248172258217,1.8949434593106542,0.5595956552597944,0.4009560302149539,1.266633065071017,1.8873505341192027,0.5564559898051762,0.0,0.0,0.0,0.0,0.0,0.0,0.0,0.0
1,shock,RAC_full,0.38681191265426784,0.3888525630452913,0.007653001798717793,1.2099910044555158,1.2113714957818413,0.030631521092947603,1.822813464576214,1.8022097831262147,0.049291741746108016,0.5451347261887503,0.540200900613837,0.009495155929623402,0.40427942889659907,1.2620248172258217,1.8949434593106542,0.5595956552597944,0.4009560302149539,1.266633065071017,1.8873505341192027,0.5564559898051762,-0.017467516242331227,-0.012103467169662596,-0.05203381277030594,-0.05526156928917558,-0.07212999473444026,-0.08514075099298801,-0.014460929071044126,-0.016255089191339223
1,shock,RA_both,0.3977701134081434,0.39512899952853564,0.005786464581972199,1.2528924683084175,1.2388074828039386,0.0310196341777064,1.9063879267362878,1.8617611501219742,0.09424504344404126,0.5774248911989612,0.5634703493107268,0.03169075812524192,0.40427942889659907,1.2620248172258217,1.8949434593106542,0.5595956552597944,0.4009560302149539,1.266633065071017,1.8873505341192027,0.5564559898051762,-0.00650931548845568,-0.005827030686418266,-0.00913234891740422,-0.02782558226707832,0.011444467425633542,-0.025589383997228543,0.017829235939166854,0.007014359505550627
1,shock,RA_delta,0.3945994106056555,0.3953806478538454,0.011033982374604203,1.2283164357897245,1.2152362726831587,0.04429389930933316,1.8341264298747935,1.8074512547460146,0.04999421867876319,0.5686312607652605,0.5668382885917874,0.009502666193979284,0.40427942889659907,1.2620248172258217,1.8949434593106542,0.5595956552597944,0.4009560302149539,1.266633065071017,1.8873505341192027,0.5564559898051762,-0.00968001829094356,-0.005575382361108494,-0.03370838143609722,-0.051396792387858214,-0.06081702943586076,-0.07989927937318808,0.009035605505466116,0.010382298786611233
1,shock,RA_level,0.39130875195442527,0.3938801289807444,0.010231146783508853,1.2141954686482783,1.2165559937270847,0.0370510969006832,1.8032444633541185,1.7865479325144435,0.03867874377961832,0.5494827942893077,0.5545635885664891,0.014104893766688506,0.40427942889659907,1.2620248172258217,1.8949434593106542,0.5595956552597944,0.4009560302149539,1.266633065071017,1.8873505341192027,0.5564559898051762,-0.012970676942173798,-0.007075901234209481,-0.047829348577543396,-0.050077071343932245,-0.09169899595653574,-0.10080260160475918,-0.010112860970486692,-0.0018924012386870581
2,normal,R0,0.24961356427869458,0.25281262939570626,0.015327459950761058,0.8275711122158811,0.8245595578862388,0.06381447993294496,1.4066045446674527,1.3804428589144042,0.12769035516514582,0.06219952700148725,0.05085519589984759,0.028038290818272766,0.24961356427869458,0.8275711122158811,1.4066045446674527,0.06219952700148725,0.25281262939570626,0.8245595578862388,1.3804428589144042,0.05085519589984759,0.0,0.0,0.0,0.0,0.0,0.0,0.0,0.0
2,normal,RAC_full,0.24608690379887305,0.24484511523237884,0.012959904277756212,0.8056208367037703,0.7927262571971035,0.03184239841236964,1.351904235384006,1.3461926251817657,0.04670279943776164,0.03986771356037386,0.037890375544544885,0.011154379513866377,0.24961356427869458,0.8275711122158811,1.4066045446674527,0.06219952700148725,0.25281262939570626,0.8245595578862388,1.3804428589144042,0.05085519589984759,-0.0035266604798215306,-0.007967514163327416,-0.021950275512110817,-0.03183330068913526,-0.0547003092834466,-0.03425023373263847,-0.022331813441113395,-0.012964820355302706
2,normal,RA_both,0.2634480347104474,0.2462814460749266,0.039249360877682396,0.8721327731390291,0.8378806541161739,0.08968559892967977,1.4556109368309336,1.431732725671274,0.09639550552139933,0.046637430137593805,0.049965207533418175,0.012278948558296258,0.24961356427869458,0.8275711122158811,1.4066045446674527,0.06219952700148725,0.25281262939570626,0.8245595578862388,1.3804428589144042,0.05085519589984759,0.013834470431752843,-0.006531183320779649,0.04456166092314806,0.013321096229935048,0.049006392163480905,0.05128986675686975,-0.015562096863893447,-0.0008899883664294159
2,normal,RA_delta,0.25926750990951947,0.26005002611290423,0.01410513256924643,0.8791173059425166,0.8809285462464573,0.03873016384600893,1.5022751713964624,1.5117763959085342,0.048122539893693465,0.04670743955011149,0.046500314577119596,0.013128453012249151,0.24961356427869458,0.8275711122158811,1.4066045446674527,0.06219952700148725,0.25281262939570626,0.8245595578862388,1.3804428589144042,0.05085519589984759,0.00965394563082489,0.007237396717197975,0.05154619372663549,0.05636898836021853,0.09567062672900972,0.13133353699412997,-0.015492087451375765,-0.004354881322727995
2,normal,RA_level,0.24211674072156492,0.23937390646875611,0.013773294795924075,0.8034116878665618,0.7990971518505314,0.03903217315984482,1.362967910010579,1.3612864303865368,0.07741426881989699,0.060195587188223466,0.06321582533168439,0.018418257575077805,0.24961356427869458,0.8275711122158811,1.4066045446674527,0.06219952700148725,0.25281262939570626,0.8245595578862388,1.3804428589144042,0.05085519589984759,-0.0074968235571296615,-0.013438722926950142,-0.02415942434931928,-0.025462406035707374,-0.04363663465687373,-0.019156428527867364,-0.002003939813263786,0.0123606294318368
3,normal,R0,0.39667663782638296,0.38883575370353934,0.026867392596178107,1.4017624248862965,1.3776942447170277,0.09662545456766783,2.213539979922428,2.165629404574725,0.11108042280470432,1.168564379891331,1.1789863319464906,0.11726112137758014,0.39667663782638296,1.4017624248862965,2.213539979922428,1.168564379891331,0.38883575370353934,1.3776942447170277,2.165629404574725,1.1789863319464906,0.0,0.0,0.0,0.0,0.0,0.0,0.0,0.0
3,normal,RAC_full,0.36671298623125714,0.3449587920197395,0.06973532787922852,1.1791102232195563,1.1968923896394565,0.08846190111503606,1.8905885245518115,1.8940427686585763,0.14718131688203853,0.9144246915815899,0.9335823074032294,0.10429314478433506,0.39667663782638296,1.4017624248862965,2.213539979922428,1.168564379891331,0.38883575370353934,1.3776942447170277,2.165629404574725,1.1789863319464906,-0.029963651595125818,-0.04387696168379984,-0.22265220166674027,-0.18080185507757118,-0.32295145537061654,-0.2715866359161485,-0.2541396883097411,-0.24540402454326116
3,normal,RA_both,0.3479067118468854,0.3435807823436918,0.015165164491918274,1.1896153326334504,1.164594629802403,0.06650179569787623,1.878478852091586,1.8399751549048844,0.11817906839144456,0.9272591442645854,0.9074744616155492,0.10256497342958347,0.39667663782638296,1.4017624248862965,2.213539979922428,1.168564379891331,0.38883575370353934,1.3776942447170277,2.165629404574725,1.1789863319464906,-0.048769925979497586,-0.04525497135984752,-0.21214709225284611,-0.2130996149146247,-0.33506112783084196,-0.32565424966984047,-0.24130523562674555,-0.2715118703309414
3,normal,RA_delta,0.396320060215363,0.39614339244388247,0.01768695386665595,1.3904437356653,1.381687385819756,0.06618723550114462,2.158893617579504,2.1490355279524618,0.07398226805616664,1.1692321267493355,1.1355240679568679,0.09182809531652315,0.39667663782638296,1.4017624248862965,2.213539979922428,1.168564379891331,0.38883575370353934,1.3776942447170277,2.165629404574725,1.1789863319464906,-0.0003565776110199814,0.007307638740343125,-0.011318689220996436,0.003993141102728304,-0.05464636234292408,-0.016593876622263082,0.0006677468580045254,-0.04346226398962272
3,normal,RA_level,0.33806822816173215,0.33640416908907345,0.019531290634112138,1.1542531330560521,1.171488730938404,0.06076555461143394,1.832945506018305,1.8500941388651104,0.07072598451840555,0.8874658419262088,0.9017106118756454,0.05910954875051873,0.39667663782638296,1.4017624248862965,2.213539979922428,1.168564379891331,0.38883575370353934,1.3776942447170277,2.165629404574725,1.1789863319464906,-0.05860840966465081,-0.0524315846144659,-0.2475092918302444,-0.20620551377862362,-0.38059447390412293,-0.31553526570961443,-0.2810985379651222,-0.2772757200708452
4,shock,R0,0.41818946291336057,0.41704622001300534,0.01549663852707652,1.2290236322231496,1.2048379147995767,0.055004815631380384,1.9041758745035495,1.8554613421775028,0.11559567527603948,0.5656278509539818,0.5634905473070987,0.009293718693863987,0.41818946291336057,1.2290236322231496,1.9041758745035495,0.5656278509539818,0.41704622001300534,1.2048379147995767,1.8554613421775028,0.5634905473070987,0.0,0.0,0.0,0.0,0.0,0.0,0.0,0.0
4,shock,RAC_full,0.40479724186061733,0.40815869811463173,0.007080234414976042,1.1499551134642618,1.154824800015043,0.039986919823676324,1.7083752120492224,1.7341638741249987,0.08541167078208141,0.5766129501849218,0.5734467970442158,0.00728972389235684,0.41818946291336057,1.2290236322231496,1.9041758745035495,0.5656278509539818,0.41704622001300534,1.2048379147995767,1.8554613421775028,0.5634905473070987,-0.013392221052743236,-0.008887521898373607,-0.07906851875888776,-0.05001311478453374,-0.19580066245432715,-0.12129746805250408,0.010985099230939932,0.009956249737117062
4,shock,RA_both,0.4253550880360722,0.42502785468694476,0.016598573415103866,1.1723387751286949,1.1475879881145903,0.05661767536157908,1.7436606685730784,1.6796098101756676,0.11764090163219348,0.5937943931668845,0.5921969129207028,0.023411086228566733,0.41818946291336057,1.2290236322231496,1.9041758745035495,0.5656278509539818,0.41704622001300534,1.2048379147995767,1.8554613421775028,0.5634905473070987,0.0071656251227116274,0.00798163467393942,-0.0566848570944547,-0.05724992668498641,-0.16051520593047108,-0.17585153200183523,0.028166542212902712,0.028706365613604068
4,shock,RA_delta,0.4230647731813015,0.41653984570481295,0.01689853764919257,1.236044720301956,1.2294607165168525,0.044202739169655725,1.9097078305720594,1.9211325654777849,0.05813772437496806,0.5817522604629839,0.580194226018993,0.02479866740191428,0.41818946291336057,1.2290236322231496,1.9041758745035495,0.5656278509539818,0.41704622001300534,1.2048379147995767,1.8554613421775028,0.5634905473070987,0.004875310267940913,-0.0005063743081923922,0.0070210880788064145,0.024622801717275822,0.005531956068509869,0.06567122330028208,0.01612440950900207,0.016703678711894265
4,shock,RA_level,0.4008233710403581,0.4050746941932779,0.00923656860246585,1.1015697135159068,1.1063587241458035,0.02712742503802812,1.602042198041671,1.5971494965994055,0.032479621356404156,0.5874152838119299,0.5906965203389197,0.01664191863689412,0.41818946291336057,1.2290236322231496,1.9041758745035495,0.5656278509539818,0.41704622001300534,1.2048379147995767,1.8554613421775028,0.5634905473070987,-0.017366091873002476,-0.011971525819727435,-0.12745391870724276,-0.0984791906537732,-0.3021336764618785,-0.2583118455780973,0.02178743285794804,0.02720597303182104
5,normal,R0,0.2942763572817181,0.2939803554108413,0.014991403409081058,0.9589648461209046,0.9610546834347568,0.04978394237886299,1.5127529242651832,1.5225604862105029,0.11356095437436331,0.5319467368920502,0.5357285134518485,0.019050138858444688,0.2942763572817181,0.9589648461209046,1.5127529242651832,0.5319467368920502,0.2939803554108413,0.9610546834347568,1.5225604862105029,0.5357285134518485,0.0,0.0,0.0,0.0,0.0,0.0,0.0,0.0
5,normal,RAC_full,0.25486858676923174,0.25593210135282696,0.004321547397143405,0.7923448366659999,0.7936163911653623,0.01591383143600431,1.1585212649780807,1.1651815042443994,0.02840126000223636,0.460623566677708,0.4503136130606294,0.022806403995919062,0.2942763572817181,0.9589648461209046,1.5127529242651832,0.5319467368920502,0.2939803554108413,0.9610546834347568,1.5225604862105029,0.5357285134518485,-0.03940777051248634,-0.03804825405801432,-0.16662000945490474,-0.16743829226939444,-0.35423165928710243,-0.3573789819661035,-0.0713231702143422,-0.08541490039121907
5,normal,RA_both,0.2668120808236508,0.259544118199549,0.016309822879363296,0.8281441135364475,0.8186696014683859,0.04230185545894758,1.223187865042788,1.219501687962439,0.0778913729295451,0.48778163778084827,0.4889048545284775,0.015146583221978175,0.2942763572817181,0.9589648461209046,1.5127529242651832,0.5319467368920502,0.2939803554108413,0.9610546834347568,1.5225604862105029,0.5357285134518485,-0.02746427645806726,-0.0344362372112923,-0.13082073258445714,-0.1423850819663709,-0.28956505922239506,-0.3030587982480639,-0.04416509911120192,-0.04682365892337098
5,normal,RA_delta,0.29211605411268043,0.2741139566242387,0.05305348686077255,0.8703152605507283,0.8899267165152392,0.044786821949949256,1.3393952181568034,1.3583723849129798,0.08772128708589855,0.4973688971383359,0.5062465597867513,0.029138562739657037,0.2942763572817181,0.9589648461209046,1.5127529242651832,0.5319467368920502,0.2939803554108413,0.9610546834347568,1.5225604862105029,0.5357285134518485,-0.0021603031690376473,-0.019866398786602568,-0.08864958557017633,-0.0711279669195175,-0.17335770610837975,-0.16418810129752304,-0.03457783975371431,-0.029481953665097205
5,normal,RA_level,0.279083483553462,0.2758068342172856,0.007322665098510502,0.8660324534596624,0.8662518762515886,0.024094643205439685,1.2799077793256726,1.2863327986356015,0.06148396881135359,0.5274961195270702,0.5325258499536021,0.016173968286256973,0.2942763572817181,0.9589648461209046,1.5127529242651832,0.5319467368920502,0.2939803554108413,0.9610546834347568,1.5225604862105029,0.5357285134518485,-0.015192873728256062,-0.018173521193555697,-0.0929323926612422,-0.09480280718316814,-0.23284514493951058,-0.23622768757490142,-0.004450617364979981,-0.003202663498246383
6,normal,R0,0.21752886300660818,0.21814575196132616,0.0025322341650439698,0.7684644346065947,0.7681255186952684,0.008175161791935477,1.2915927105234166,1.2973647003132562,0.03766012112880381,0.3328354135921206,0.3296307191013519,0.0070902680492734675,0.21752886300660818,0.7684644346065947,1.2915927105234166,0.3328354135921206,0.21814575196132616,0.7681255186952684,1.2973647003132562,0.3296307191013519,0.0,0.0,0.0,0.0,0.0,0.0,0.0,0.0
6,normal,RAC_full,0.21965602731702621,0.21961989889474384,0.0034036320731878154,0.7652889880363081,0.7632931578491398,0.007465804886380356,1.2572201064649242,1.2629935285642637,0.017991041041745613,0.3232328236566696,0.32134431892742227,0.008827078871269024,0.21752886300660818,0.7684644346065947,1.2915927105234166,0.3328354135921206,0.21814575196132616,0.7681255186952684,1.2973647003132562,0.3296307191013519,0.0021271643104180393,0.001474146933417686,-0.0031754465702866774,-0.004832360846128592,-0.034372604058492406,-0.03437117174899251,-0.00960258993545099,-0.00828640017392962
6,normal,RA_both,0.22192542105838134,0.2192744244616781,0.010707872666113305,0.7587362762802934,0.7596552012729424,0.010647287453307973,1.2580582146845753,1.2558026771942346,0.014525274723968369,0.32655259693565086,0.3257334796383808,0.007368400098490152,0.21752886300660818,0.7684644346065947,1.2915927105234166,0.3328354135921206,0.21814575196132616,0.7681255186952684,1.2973647003132562,0.3296307191013519,0.004396558051773164,0.0011286725003519515,-0.009728158326301362,-0.008470317422325957,-0.03353449583884127,-0.041562023119021685,-0.006282816656469736,-0.0038972394629711027
6,normal,RA_delta,0.21672507532584354,0.2161643894749062,0.0019652553994479248,0.761557818761635,0.7595689925385406,0.0068544476826571,1.2557984469673122,1.249702696683809,0.023203648373379515,0.33190848303323683,0.3300971662238426,0.004095362314105226,0.21752886300660818,0.7684644346065947,1.2915927105234166,0.3328354135921206,0.21814575196132616,0.7681255186952684,1.2973647003132562,0.3296307191013519,-0.0008037876807646394,-0.0019813624864199464,-0.006906615844959774,-0.00855652615672775,-0.03579426355610438,-0.04766200362944728,-0.0009269305588837651,0.00046644712249072073
6,normal,RA_level,0.21843832855243725,0.21825239274151628,0.003006991031982739,0.7701829353905498,0.7696343315277662,0.006028872349807145,1.2931991858787097,1.2941695441763263,0.025499560324277342,0.32580118015308557,0.3230731577232532,0.009254640768724478,0.21752886300660818,0.7684644346065947,1.2915927105234166,0.3328354135921206,0.21814575196132616,0.7681255186952684,1.2973647003132562,0.3296307191013519,0.0009094655458290746,0.0001066407801901259,0.0017185007839550792,0.001508812832497819,0.0016064753552931244,-0.0031951561369298886,-0.007034233439035031,-0.0065575613780987085
7,normal,R0,0.2661648071379573,0.25757415603004474,0.020411064957323866,0.8286999661804293,0.8166556604469495,0.029084301366789914,1.3045619787868172,1.287254051228475,0.04479562017283191,0.5187477938078987,0.5133892627374705,0.019655902097033242,0.2661648071379573,0.8286999661804293,1.3045619787868172,0.5187477938078987,0.25757415603004474,0.8166556604469495,1.287254051228475,0.5133892627374705,0.0,0.0,0.0,0.0,0.0,0.0,0.0,0.0
7,normal,RAC_full,0.2769315391031669,0.2731853553076754,0.00963567993923755,0.8959094937638838,0.88004558481278,0.03515994332065028,1.3729605572540624,1.3535828459386325,0.04185865788418181,0.5737377929772326,0.5619281801124203,0.030907814672507004,0.2661648071379573,0.8286999661804293,1.3045619787868172,0.5187477938078987,0.25757415603004474,0.8166556604469495,1.287254051228475,0.5133892627374705,0.010766731965209608,0.01561119927763066,0.06720952758345455,0.06338992436583046,0.06839857846724517,0.06632879471015762,0.05498999916933389,0.04853891737494975
7,normal,RA_both,0.2782271917230267,0.27859943756296013,0.0022850529330831087,0.9057320581861624,0.9066814598266689,0.006850256704072809,1.4055789848997393,1.3962216735426287,0.02443675778933886,0.5790220834666755,0.5796562137312917,0.008913012194141793,0.2661648071379573,0.8286999661804293,1.3045619787868172,0.5187477938078987,0.25757415603004474,0.8166556604469495,1.287254051228475,0.5133892627374705,0.012062384585069363,0.021025281532915385,0.07703209200573313,0.09002579937971944,0.10101700611292208,0.1089676223141538,0.06027428965877679,0.06626695099382118
7,normal,RA_delta,0.25752019150693595,0.2559986125402773,0.004211814863272399,0.8306713888244219,0.8221100945514821,0.01509587643519048,1.302463795777782,1.307135499167685,0.024196618012521532,0.5131489868343886,0.510997819991848,0.012823421104280424,0.2661648071379573,0.8286999661804293,1.3045619787868172,0.5187477938078987,0.25757415603004474,0.8166556604469495,1.287254051228475,0.5133892627374705,-0.008644615631021368,-0.0015755434897674614,0.0019714226439926374,0.005454434104532613,-0.0020981830090351927,0.019881447939209984,-0.005598806973510118,-0.0023914427456225296
7,normal,RA_level,0.2845679240252078,0.2890916711355367,0.010188784917298275,0.921061491798483,0.9433033566330266,0.03891623356705176,1.3728047657663223,1.3861511854434128,0.044219562936406734,0.6041146037881617,0.6163003705204925,0.03719561972355266,0.2661648071379573,0.8286999661804293,1.3045619787868172,0.5187477938078987,0.25757415603004474,0.8166556604469495,1.287254051228475,0.5133892627374705,0.018403116887250492,0.031517515105491944,0.09236152561805366,0.12664769618607707,0.06824278697950503,0.09889713421493784,0.08536680998026303,0.10291110778302193
8,normal,R0,0.30235513174082806,0.3001894848326636,0.011321007299267131,1.1889541204321425,1.180827809494405,0.0459355744630455,2.8076483127633014,2.8012763482784915,0.11749813033464493,1.4246845329460174,1.4106375415341408,0.05609671644369495,0.30235513174082806,1.1889541204321425,2.8076483127633014,1.4246845329460174,0.3001894848326636,1.180827809494405,2.8012763482784915,1.4106375415341408,0.0,0.0,0.0,0.0,0.0,0.0,0.0,0.0
8,normal,RAC_full,0.26115614322150593,0.2551955625149377,0.010767060618849038,1.0188002138323509,0.9968991565041831,0.044088577852339085,2.3716516438279407,2.335827003672616,0.10629252093769231,1.197390824266028,1.181835615575208,0.05700573427310914,0.30235513174082806,1.1889541204321425,2.8076483127633014,1.4246845329460174,0.3001894848326636,1.180827809494405,2.8012763482784915,1.4106375415341408,-0.04119898851932213,-0.04499392231772592,-0.17015390659979168,-0.18392865299022176,-0.4359966689353607,-0.4654493446058754,-0.22729370867998933,-0.22880192595893267
8,normal,RA_both,0.28221438159666973,0.28099607906717744,0.006348146268035266,1.105884583215973,1.101188892225133,0.025164643105675465,2.6018285813418425,2.5988481570884208,0.05662003769447235,1.32246970457904,1.3265135643148993,0.025493938743559312,0.30235513174082806,1.1889541204321425,2.8076483127633014,1.4246845329460174,0.3001894848326636,1.180827809494405,2.8012763482784915,1.4106375415341408,-0.020140750144158337,-0.01919340576548617,-0.08306953721616961,-0.07963891726927197,-0.20581973142145893,-0.20242819119007072,-0.10221482836697748,-0.08412397721924147
8,normal,RA_delta,0.2807939453826743,0.277507610860052,0.006761167038346894,1.1010125171200507,1.0886329868981401,0.02828591709063738,2.5799691994374747,2.553342460406777,0.08511392694652326,1.3069874617275496,1.2941763908771677,0.04918675003571726,0.30235513174082806,1.1889541204321425,2.8076483127633014,1.4246845329460174,0.3001894848326636,1.180827809494405,2.8012763482784915,1.4106375415341408,-0.02156118635815374,-0.02268187397261162,-0.08794160331209189,-0.09219482259626477,-0.2276791133258267,-0.24793388787171455,-0.11769707121846773,-0.11646115065697304
8,normal,RA_level,0.2833276507833581,0.2799716233147515,0.009128562108568557,1.1101503752533408,1.0984057146578752,0.03420069086549182,2.609183636660533,2.592502472487744,0.08553687552301016,1.31732815676442,1.3107941833383598,0.054419062447758376,0.30235513174082806,1.1889541204321425,2.8076483127633014,1.4246845329460174,0.3001894848326636,1.180827809494405,2.8012763482784915,1.4106375415341408,-0.019027480957469978,-0.020217861517912106,-0.07880374517880173,-0.08242209483652974,-0.1984646761027684,-0.20877387579074735,-0.10735637618159743,-0.09984335819578094
9,shock,R0,0.34049446545187345,0.3401116261609269,0.008442344755713314,1.1492202297573926,1.1487093765714658,0.02697644949040377,1.9222967045945587,1.9295308445339225,0.030007218233989132,0.48797595031442953,0.47752296827666935,0.022456157721766356,0.34049446545187345,1.1492202297573926,1.9222967045945587,0.48797595031442953,0.3401116261609269,1.1487093765714658,1.9295308445339225,0.47752296827666935,0.0,0.0,0.0,0.0,0.0,0.0,0.0,0.0
9,shock,RAC_full,0.3691227256518506,0.3703477822593609,0.004094840285232147,1.2270764071506102,1.2340270321376312,0.011138543702868917,2.02181483573663,2.03593930313842,0.0332354981522958,0.5717851411089443,0.5614752421515814,0.025372786530597533,0.34049446545187345,1.1492202297573926,1.9222967045945587,0.48797595031442953,0.3401116261609269,1.1487093765714658,1.9295308445339225,0.47752296827666935,0.028628260199977162,0.030236156098433997,0.0778561773932176,0.08531765556616544,0.09951813114207142,0.10640845860449755,0.08380919079451477,0.08395227387491205
9,shock,RA_both,0.35075907876076495,0.34621205503485686,0.008134555937371512,1.1709656134207367,1.1628226217903277,0.02545314952540767,1.9431278911560053,1.926591484204447,0.042048368935698244,0.5423834442839188,0.5391191640886258,0.02406683522563792,0.34049446545187345,1.1492202297573926,1.9222967045945587,0.48797595031442953,0.3401116261609269,1.1487093765714658,1.9295308445339225,0.47752296827666935,0.010264613308891501,0.006100428873929975,0.02174538366334411,0.014113245218861925,0.020831186561446557,-0.0029393603294756154,0.054407493969489296,0.06159619581195647
9,shock,RA_delta,0.34899925618799543,0.34638111570598384,0.006500545316611163,1.1716267403079292,1.1646193805416807,0.02047539581539501,1.9451108107056059,1.9371061732124089,0.038303051025163175,0.5183254814156397,0.5153040544374476,0.018554782870309424,0.34049446545187345,1.1492202297573926,1.9222967045945587,0.48797595031442953,0.3401116261609269,1.1487093765714658,1.9295308445339225,0.47752296827666935,0.008504790736121981,0.006269489545056961,0.022406510550536662,0.015910003970214914,0.022814106111047172,0.007575328678486315,0.030349531101210192,0.0377810861607783
9,shock,RA_level,0.34106827839385423,0.34142645486820217,0.002994930447493472,1.1360424894353718,1.1458449525637286,0.019211857672381146,1.880036495757714,1.8924815389925078,0.042257770798302785,0.5040937387740956,0.5043352865898799,0.015253713306890996,0.34049446545187345,1.1492202297573926,1.9222967045945587,0.48797595031442953,0.3401116261609269,1.1487093765714658,1.9295308445339225,0.47752296827666935,0.000573812941980778,0.001314828707275284,-0.013177740322020792,-0.002864424007737121,-0.04226020883684467,-0.03704930554141472,0.01611778845966605,0.02681231831321057
10,normal,R0,0.2539857458043485,0.2542584492543355,0.003968134988200905,0.9506631991845893,0.9524755204382074,0.013873682914664393,1.771569102336403,1.7713025777652427,0.038740854620474094,0.22245407373705617,0.223606559051696,0.012372191087751882,0.2539857458043485,0.9506631991845893,1.771569102336403,0.22245407373705617,0.2542584492543355,0.9524755204382074,1.7713025777652427,0.223606559051696,0.0,0.0,0.0,0.0,0.0,0.0,0.0,0.0
10,normal,RAC_full,0.25290947998854346,0.2508703656366249,0.0037821217672185602,0.9355215576602248,0.9276365674665014,0.015710173637825366,1.6775071383700264,1.6624488120054102,0.0411052787474802,0.21963136806287178,0.21959978920032547,0.009781014509302872,0.2539857458043485,0.9506631991845893,1.771569102336403,0.22245407373705617,0.2542584492543355,0.9524755204382074,1.7713025777652427,0.223606559051696,-0.0010762658158050553,-0.003388083617710591,-0.01514164152436448,-0.02483895297170602,-0.09406196396637667,-0.10885376575983252,-0.0028227056741843837,-0.004006769851370523
10,normal,RA_both,0.25575416658270955,0.25559856237192274,0.004254526801015168,0.9470754596370133,0.9441735329652656,0.023597870337167388,1.7081704185623974,1.7231062289892465,0.052839586483614844,0.21320514336289528,0.20928208873340523,0.008208869384179305,0.2539857458043485,0.9506631991845893,1.771569102336403,0.22245407373705617,0.2542584492543355,0.9524755204382074,1.7713025777652427,0.223606559051696,0.001768420778361035,0.0013401131175872494,-0.0035877395475759633,-0.008301987472941752,-0.0633986837740057,-0.04819634877599621,-0.009248930374160885,-0.01432447031829076
10,normal,RA_delta,0.24908200205612768,0.24876341168186175,0.002896990286162863,0.9299227790285827,0.9277187410242789,0.013667645248838293,1.7249208130013973,1.722455954077469,0.024705486537029055,0.2143321301737647,0.2128922378033959,0.005295575091394707,0.2539857458043485,0.9506631991845893,1.771569102336403,0.22245407373705617,0.2542584492543355,0.9524755204382074,1.7713025777652427,0.223606559051696,-0.004903743748220835,-0.005495037572473743,-0.020740420156006634,-0.02475677941392851,-0.046648289335005755,-0.048846623687773594,-0.008121943563291462,-0.010714321248300102
10,normal,RA_level,0.2585677056672025,0.25654299980735845,0.0032001442253411063,0.9721187293935676,0.9654766052348901,0.013155815965498483,1.8185122148346617,1.8068809911545756,0.0388888304942655,0.2254983396000784,0.22828408612433326,0.015315185823547836,0.2539857458043485,0.9506631991845893,1.771569102336403,0.22245407373705617,0.2542584492543355,0.9524755204382074,1.7713025777652427,0.223606559051696,0.004581959862853979,0.002284550553022957,0.02145553020897828,0.013001084796682716,0.046943112498258666,0.035578413389332875,0.0030442658630222275,0.004677527072637272
11,normal,R0,0.34310043604938856,0.34641903715371325,0.014541180073118746,1.126587142380624,1.1502289805741117,0.0650498642849217,1.7611660944243508,1.7918578340739266,0.09833369223832775,0.7643895556176112,0.7746149511110939,0.036667923418509205,0.34310043604938856,1.126587142380624,1.7611660944243508,0.7643895556176112,0.34641903715371325,1.1502289805741117,1.7918578340739266,0.7746149511110939,0.0,0.0,0.0,0.0,0.0,0.0,0.0,0.0
11,normal,RAC_full,0.3528256804158785,0.34620568863623935,0.03913084719036046,1.0879745933032443,1.0659080004757802,0.0620109142235142,1.695969480045865,1.66836355097077,0.0802075918252051,0.769022949956574,0.792825434503658,0.042842255421785144,0.34310043604938856,1.126587142380624,1.7611660944243508,0.7643895556176112,0.34641903715371325,1.1502289805741117,1.7918578340739266,0.7746149511110939,0.009725244366489916,-0.00021334851747389916,-0.038612549077379654,-0.08432098009833155,-0.0651966143784859,-0.12349428310315669,0.004633394338962815,0.018210483392564147
11,normal,RA_both,0.338977849707445,0.33980138003430155,0.008357190829640282,1.1085932843045978,1.1185593577338606,0.03126194646130717,1.743494012625081,1.7784720158367793,0.05534359568569359,0.7870892399300435,0.7858521050625231,0.025324448477586158,0.34310043604938856,1.126587142380624,1.7611660944243508,0.7643895556176112,0.34641903715371325,1.1502289805741117,1.7918578340739266,0.7746149511110939,-0.004122586341943568,-0.006617657119411702,-0.01799385807602616,-0.0316696228402511,-0.017672081799269712,-0.013385818237147351,0.0226996843124323,0.011237153951429213
11,normal,RA_delta,0.3479895750375702,0.3490950628358338,0.00648951062261181,1.1447818444901676,1.1613448232937402,0.02787358934035155,1.7888307292308308,1.8003056013681755,0.050818100788696814,0.7924265207817103,0.7962312632953208,0.020153464650286914,0.34310043604938856,1.126587142380624,1.7611660944243508,0.7643895556176112,0.34641903715371325,1.1502289805741117,1.7918578340739266,0.7746149511110939,0.004889138988181663,0.002676025682120553,0.01819470210954366,0.01111584271962851,0.02766463480647996,0.008447767294248898,0.028036965164099037,0.021616312184226882
11,normal,RA_level,0.33485166525769705,0.3354466253260352,0.01124872200466591,1.089563251752102,1.093004656100699,0.04686830255895853,1.7256427349782513,1.7280728985431821,0.07639816968216827,0.7602344425708634,0.76061259463043,0.030010816305425892,0.34310043604938856,1.126587142380624,1.7611660944243508,0.7643895556176112,0.34641903715371325,1.1502289805741117,1.7918578340739266,0.7746149511110939,-0.008248770791691507,-0.010972411827678052,-0.03702389062852207,-0.057224324473412747,-0.03552335944609952,-0.06378493553074449,-0.004155113046747871,-0.014002356480663947
12,normal,R0,0.30914139584424805,0.3093916730991337,0.0036849038141889283,1.0438342810536125,1.0338335952193694,0.02261573668929434,1.718451608346275,1.696452494206378,0.04627618673984408,0.13127466050555445,0.13245894299218997,0.002717177226291961,0.30914139584424805,1.0438342810536125,1.718451608346275,0.13127466050555445,0.3093916730991337,1.0338335952193694,1.696452494206378,0.13245894299218997,0.0,0.0,0.0,0.0,0.0,0.0,0.0,0.0
12,normal,RAC_full,0.31093895809678346,0.31177628746623776,0.0030405128484122844,1.037548109076031,1.0405037580961138,0.021427187226389283,1.6978979248039228,1.7111690360627834,0.03538901132251974,0.12976985472844557,0.1303546873094568,0.0014798568536304303,0.30914139584424805,1.0438342810536125,1.718451608346275,0.13127466050555445,0.3093916730991337,1.0338335952193694,1.696452494206378,0.13245894299218997,0.0017975622525354118,0.0023846143671040765,-0.006286171977581523,0.00667016287674449,-0.02055368354235232,0.014716541856405474,-0.0015048057771088752,-0.002104255682733175
12,normal,RA_both,0.31283547628145825,0.3124192208346189,0.006149266572694428,1.047046679123681,1.043314780620442,0.026782218344419875,1.70344815876692,1.7022929428030014,0.03728235189130879,0.12794655751095727,0.12836752480152988,0.0013266989871737827,0.30914139584424805,1.0438342810536125,1.718451608346275,0.13127466050555445,0.3093916730991337,1.0338335952193694,1.696452494206378,0.13245894299218997,0.003694080437210201,0.0030275477354852476,0.0032123980700684562,0.009481185401072567,-0.015003449579355177,0.005840448596623471,-0.003328102994597182,-0.004091418190660084
12,normal,RA_delta,0.3080761507984059,0.30830399097210676,0.0022102789063436924,1.029399004104942,1.0273352353965994,0.012374799837068181,1.696656814054314,1.6867398543841026,0.02089720565181189,0.1279784999013373,0.12761488021231981,0.0021406719914031634,0.30914139584424805,1.0438342810536125,1.718451608346275,0.13127466050555445,0.3093916730991337,1.0338335952193694,1.696452494206378,0.13245894299218997,-0.0010652450458421558,-0.0010876821270269232,-0.014435276948670639,-0.006498359822769917,-0.021794794291961184,-0.009712639822275326,-0.003296160604217141,-0.004844062779870151
12,normal,RA_level,0.3227491786092558,0.31979984111062326,0.006471860560110043,1.0798496960380508,1.0669940878509694,0.02943920666237822,1.739310858609683,1.7262071200775346,0.04392991742874661,0.13076323875932466,0.1302981416142424,0.0012439200769197348,0.30914139584424805,1.0438342810536125,1.718451608346275,0.13127466050555445,0.3093916730991337,1.0338335952193694,1.696452494206378,0.13245894299218997,0.013607782765007737,0.010408168011489582,0.036015414984438276,0.033160492631600036,0.020859250263407958,0.029754625871156737,-0.0005114217462297843,-0.002160801377947552
13,shock,R0,0.2937984273047838,0.2882684932649149,0.009672384003906956,0.9896620856027065,0.9763031522677111,0.034123950093594986,1.685339238350402,1.6560036556480036,0.07471261187727457,0.45755258229882695,0.4559103598739182,0.009199660729124554,0.2937984273047838,0.9896620856027065,1.685339238350402,0.45755258229882695,0.2882684932649149,0.9763031522677111,1.6560036556480036,0.4559103598739182,0.0,0.0,0.0,0.0,0.0,0.0,0.0,0.0
13,shock,RAC_full,0.2910897160632544,0.2889971621039687,0.005277688023895668,0.987147314929017,0.985959545577421,0.01955057334772695,1.6771585604414725,1.6734867361797408,0.04480092430541461,0.4860537414626391,0.4850657872088661,0.021817561050669367,0.2937984273047838,0.9896620856027065,1.685339238350402,0.45755258229882695,0.2882684932649149,0.9763031522677111,1.6560036556480036,0.4559103598739182,-0.0027087112415293824,0.0007286688390538143,-0.002514770673689548,0.00965639330970991,-0.008180677908929512,0.017483080531737194,0.02850115916381213,0.029155427334947914
13,shock,RA_both,0.293435793940128,0.290475094345097,0.006055545996550493,0.9941313799223925,0.9893030128936656,0.018232807669609545,1.6870559065486712,1.6766604915653167,0.031631617879510646,0.4744708248679489,0.46897570617370465,0.01744480632671863,0.2937984273047838,0.9896620856027065,1.685339238350402,0.45755258229882695,0.2882684932649149,0.9763031522677111,1.6560036556480036,0.4559103598739182,-0.00036263336465580664,0.0022066010801821134,0.004469294319686012,0.012999860625954485,0.0017166681982692111,0.020656835917313154,0.016918242569121944,0.013065346299786451
13,shock,RA_delta,0.2923530413366865,0.2937231735267119,0.005942205974318697,0.9960775286862983,0.9935319140418218,0.025202682608741984,1.7002136895700293,1.7006604336382054,0.05117636857325258,0.47182414797811506,0.4735117734210558,0.008399258783395524,0.2937984273047838,0.9896620856027065,1.685339238350402,0.45755258229882695,0.2882684932649149,0.9763031522677111,1.6560036556480036,0.4559103598739182,-0.0014453859680972903,0.005454680261797018,0.006415443083591765,0.0172287617741107,0.014874451219627272,0.044656777990201846,0.014271565679288112,0.017601413547137623
13,shock,RA_level,0.2964216142808292,0.2963857791186355,0.004592264374919165,1.0087747916457785,1.0014415952955948,0.02148767300811052,1.7149774704294558,1.7143747880442992,0.04944891505126744,0.4645336699614063,0.4618705326337773,0.007694092686585301,0.2937984273047838,0.9896620856027065,1.685339238350402,0.45755258229882695,0.2882684932649149,0.9763031522677111,1.6560036556480036,0.4559103598739182,0.0026231869760454107,0.008117285853720624,0.019112706043072025,0.025138443027883706,0.029638232079053806,0.058371132396295655,0.006981087662579377,0.005960172759859106
14,normal,R0,0.36135793035851516,0.36174580900236736,0.005701179087915592,1.2006361525597176,1.195056342847016,0.028079126129476332,1.9130734845089592,1.899440359453318,0.058430172411468806,0.3710147004344801,0.36910647745488834,0.0059827576260073675,0.36135793035851516,1.2006361525597176,1.9130734845089592,0.3710147004344801,0.36174580900236736,1.195056342847016,1.899440359453318,0.36910647745488834,0.0,0.0,0.0,0.0,0.0,0.0,0.0,0.0
14,normal,RAC_full,0.3555863939053367,0.35417352245903166,0.0036405910786847435,1.1823312910714887,1.1865526770972736,0.031118192755019435,1.889516537804121,1.9073490798147412,0.07349421269425824,0.36837961145956316,0.36777766350881297,0.002900197252367795,0.36135793035851516,1.2006361525597176,1.9130734845089592,0.3710147004344801,0.36174580900236736,1.195056342847016,1.899440359453318,0.36910647745488834,-0.005771536453178461,-0.007572286543335693,-0.018304861488228852,-0.008503665749742373,-0.02355694670483821,0.007908720361423205,-0.0026350889749169326,-0.001328813946075369
14,normal,RA_both,0.3609174570868485,0.36358138452200905,0.005679361891906391,1.1972591409248454,1.205846618936824,0.021621190284975018,1.9060013786267684,1.898067339920831,0.042240354025700255,0.36952313274039994,0.3706502306565955,0.007744822432567712,0.36135793035851516,1.2006361525597176,1.9130734845089592,0.3710147004344801,0.36174580900236736,1.195056342847016,1.899440359453318,0.36910647745488834,-0.0004404732716666304,0.0018355755196416967,-0.00337701163487214,0.010790276089807982,-0.00707210588219076,-0.0013730195324870298,-0.0014915676940801537,0.0015437532017071876
14,normal,RA_delta,0.3683074482774146,0.3682995966394542,0.005407210097152659,1.2311612533469756,1.2324447985949818,0.029088925933014195,1.9639889528374979,1.9638634375051198,0.051355944631508,0.37430514017263,0.3760523919183997,0.0051146206981703525,0.36135793035851516,1.2006361525597176,1.9130734845089592,0.3710147004344801,0.36174580900236736,1.195056342847016,1.899440359453318,0.36910647745488834,0.006949517918899417,0.006553787637086861,0.030525100787258008,0.03738845574796579,0.05091546832853866,0.06442307805180181,0.0032904397381499084,0.006945914463511338
14,normal,RA_level,0.3550970962080181,0.3567570885905952,0.004562895538150886,1.163612010190119,1.1693013449877172,0.021841821558521254,1.8408545999742443,1.8365279486167982,0.04083981554171636,0.3709159310629641,0.3714454716320352,0.004315330090540454,0.36135793035851516,1.2006361525597176,1.9130734845089592,0.3710147004344801,0.36174580900236736,1.195056342847016,1.899440359453318,0.36910647745488834,-0.006260834150497052,-0.004988720411772174,-0.0370241423695985,-0.0257549978592988,-0.07221888453471492,-0.06291241083651977,-9.87693715159832e-05,0.002338994177146836
