fold,regime,val_start,val_end,val_rows,n_lated,run,n_features,seed,ll_all,ll_hard25,ll_hard10,ll_lated,fit_s
1,shock,2021-11-05,2022-02-02,47823,4273,R0,50,42,0.40190510003360563,1.2807329665436873,1.9456492773217113,0.552950242365369,2.2719543330022134
1,shock,2021-11-05,2022-02-02,47823,4273,R0,50,43,0.39679777027672636,1.2542692480737039,1.8873505341192027,0.5564559898051762,2.0492183749884134
1,shock,2021-11-05,2022-02-02,47823,4273,R0,50,44,0.4222007472164518,1.3318810046254286,1.965136253618526,0.5897538252136512,2.013016583994613
1,shock,2021-11-05,2022-02-02,47823,4273,R0,50,45,0.4009560302149539,1.266633065071017,1.8786042895957045,0.5633525396032432,2.035070749989245
1,shock,2021-11-05,2022-02-02,47823,4273,R0,50,46,0.39953749674125766,1.1766078018152717,1.797976941898127,0.5354656793115321,2.00869612499082
1,shock,2021-11-05,2022-02-02,47823,4273,RA_level,51,42,0.3938801289807444,1.2050582057689299,1.7865479325144435,0.5545635885664891,2.034880332998
1,shock,2021-11-05,2022-02-02,47823,4273,RA_level,51,43,0.3993236438681958,1.226191788053605,1.7783396917220426,0.5634703721014727,2.0308659590082243
1,shock,2021-11-05,2022-02-02,47823,4273,RA_level,51,44,0.38949043869260314,1.2165559937270847,1.828054244359243,0.5451879565129373,2.015442541000084
1,shock,2021-11-05,2022-02-02,47823,4273,RA_level,51,45,0.399296318063315,1.2627937815954988,1.8581625642007957,0.5570417793649122,2.2259724169998663
1,shock,2021-11-05,2022-02-02,47823,4273,RA_level,51,46,0.3745532301672679,1.1603775740962738,1.7651178839740673,0.5271502749007274,2.1659269579977263
1,shock,2021-11-05,2022-02-02,47823,4273,RA_delta,51,42,0.38676565369130705,1.1909751827707957,1.7875970802601204,0.577128570460141,2.1613963749987306
1,shock,2021-11-05,2022-02-02,47823,4273,RA_delta,51,43,0.3953806478538454,1.2152362726831587,1.7990778945560897,0.5582737410257311,2.201632750002318
1,shock,2021-11-05,2022-02-02,47823,4273,RA_delta,51,44,0.3806045273730342,1.1853560431178212,1.8074512547460146,0.5668382885917874,2.1521553750062594
1,shock,2021-11-05,2022-02-02,47823,4273,RA_delta,51,45,0.40708061659587685,1.2811985345207921,1.8841676247245307,0.5611887485574658,2.1395851670095
1,shock,2021-11-05,2022-02-02,47823,4273,RA_delta,51,46,0.4031656075142142,1.2688161458560552,1.8923382950872112,0.579726955191177,2.158474750001915
1,shock,2021-11-05,2022-02-02,47823,4273,RA_both,52,42,0.39512899952853564,1.2350863349760686,1.8442513095566344,0.5634703493107268,2.2039224170002853
1,shock,2021-11-05,2022-02-02,47823,4273,RA_both,52,43,0.3931558839117755,1.2388074828039386,1.8617611501219742,0.5581237935050282,2.1568330410082126
1,shock,2021-11-05,2022-02-02,47823,4273,RA_both,52,44,0.40044274872045,1.2828786006743413,1.9779406594288629,0.5686222021880236,2.169184917001985
1,shock,2021-11-05,2022-02-02,47823,4273,RA_both,52,45,0.40669556522914524,1.2887193288941903,2.0333923331198918,0.6337245541797047,2.181963708004332
1,shock,2021-11-05,2022-02-02,47823,4273,RA_both,52,46,0.39342736965081054,1.218970594193548,1.8145941814540762,0.563183556811323,2.1869936249859165
1,shock,2021-11-05,2022-02-02,47823,4273,RAC_full,54,42,0.378415550676239,1.185432992509955,1.7691494801909244,0.540200900613837,2.6175246670027263
1,shock,2021-11-05,2022-02-02,47823,4273,RAC_full,54,43,0.3930442790012449,1.2357553913119164,1.8537868438182337,0.5482377851561616,2.3103288340062136
1,shock,2021-11-05,2022-02-02,47823,4273,RAC_full,54,44,0.394644061460887,1.2439183681926236,1.8919886020477679,0.5604396235784539,2.2548335419996874
1,shock,2021-11-05,2022-02-02,47823,4273,RAC_full,54,45,0.3791031090876772,1.1734767744812424,1.796932613697929,0.5374909220052575,2.241954209006508
1,shock,2021-11-05,2022-02-02,47823,4273,RAC_full,54,46,0.3888525630452913,1.2113714957818413,1.8022097831262147,0.5393043995900415,2.291552832990419
2,normal,2022-02-03,2022-05-03,49966,1720,R0,50,42,0.26870690859987884,0.9293979658312981,1.6195925715268615,0.03985018816810857,2.2961776250012917
2,normal,2022-02-03,2022-05-03,49966,1720,R0,50,43,0.25281262939570626,0.8245595578862388,1.3804428589144042,0.10044643163373618,2.2234167919959873
2,normal,2022-02-03,2022-05-03,49966,1720,R0,50,44,0.2308532546117474,0.7552216580545412,1.2811867842809708,0.05085519589984759,2.2316010830109008
2,normal,2022-02-03,2022-05-03,49966,1720,R0,50,45,0.25801479564180574,0.8271192268422858,1.3480089267259614,0.08276152308008095,2.2331620000040857
2,normal,2022-02-03,2022-05-03,49966,1720,R0,50,46,0.2376802331443347,0.8015571524650413,1.403791581889065,0.03708429622566296,2.262421583000105
2,normal,2022-02-03,2022-05-03,49966,1720,RA_level,51,42,0.2641447236382348,0.8660484936397707,1.486083193932223,0.07078627319268585,2.32216608300223
2,normal,2022-02-03,2022-05-03,49966,1720,RA_level,51,43,0.2274686089468378,0.7703728163237458,1.3163141776920286,0.035246842362830794,2.277957124999375
2,normal,2022-02-03,2022-05-03,49966,1720,RA_level,51,44,0.23937390646875611,0.7715233609721497,1.281765345921222,0.08243150423757922,2.3938676670077257
2,normal,2022-02-03,2022-05-03,49966,1720,RA_level,51,45,0.2443115846741306,0.8100166165466114,1.3612864303865368,0.06321582533168439,2.238264749990776
2,normal,2022-02-03,2022-05-03,49966,1720,RA_level,51,46,0.2352848798798652,0.7990971518505314,1.369390402120884,0.04929749081633704,2.3554327500023646
2,normal,2022-02-03,2022-05-03,49966,1720,RA_delta,51,42,0.253627058114721,0.8809285462464573,1.5205931231435683,0.036239386684211554,2.2816437919973396
2,normal,2022-02-03,2022-05-03,49966,1720,RA_delta,51,43,0.2710053263190681,0.9216674385349437,1.5685255710434278,0.046500314577119596,2.2631086250039516
2,normal,2022-02-03,2022-05-03,49966,1720,RA_delta,51,44,0.23847894827244193,0.8247760116571472,1.4586781698590137,0.03252460484593358,2.264851041007205
2,normal,2022-02-03,2022-05-03,49966,1720,RA_delta,51,45,0.26005002611290423,0.859781022465253,1.4518025970277675,0.05323352754422273,2.3034885419911006
2,normal,2022-02-03,2022-05-03,49966,1720,RA_delta,51,46,0.273176190728462,0.9084335108087817,1.5117763959085342,0.06503936409906996,2.3030343749996973
2,normal,2022-02-03,2022-05-03,49966,1720,RA_both,52,42,0.25571195171764494,0.8549817115288991,1.4421071697932393,0.03668611445162329,2.2995724590000464
2,normal,2022-02-03,2022-05-03,49966,1720,RA_both,52,43,0.2462814460749266,0.8378806541161739,1.431732725671274,0.049965207533418175,2.361967791992356
2,normal,2022-02-03,2022-05-03,49966,1720,RA_both,52,44,0.3327922436442934,1.0296091801259601,1.6190070362264433,0.056971355970248126,2.665595124999527
2,normal,2022-02-03,2022-05-03,49966,1720,RA_both,52,45,0.2436111851076431,0.8309721150291223,1.4224182064957727,0.05855383782620161,2.9447704589983914
2,normal,2022-02-03,2022-05-03,49966,1720,RA_both,52,46,0.23884334700772905,0.8072202048949901,1.3627895459679384,0.031010634906477826,2.963972041994566
2,normal,2022-02-03,2022-05-03,49966,1720,RAC_full,54,42,0.24484511523237884,0.8269279922033005,1.399338674220623,0.048882768725559876,3.018431291988236
2,normal,2022-02-03,2022-05-03,49966,1720,RAC_full,54,43,0.25845895050255324,0.8504965305596441,1.3999543514042054,0.05376940291997613,3.027886000010767
2,normal,2022-02-03,2022-05-03,49966,1720,RAC_full,54,44,0.23125258337387378,0.7780173948182635,1.3142133511812775,0.029316448756573434,2.807927917005145
2,normal,2022-02-03,2022-05-03,49966,1720,RAC_full,54,45,0.23589091029379797,0.7799360087405398,1.2998221749321581,0.037890375544544885,2.846731166006066
2,normal,2022-02-03,2022-05-03,49966,1720,RAC_full,54,46,0.2599869595917615,0.7927262571971035,1.3461926251817657,0.029479571855214964,2.909463083007722
3,normal,2022-05-04,2022-08-01,53719,8321,R0,50,42,0.37661102227567017,1.3359997152105543,2.165629404574725,1.0794646495099927,2.5655871250055498
3,normal,2022-05-04,2022-08-01,53719,8321,R0,50,43,0.4287039832168082,1.5136805557384565,2.339205650800245,1.2946923556182182,2.353648208998493
3,normal,2022-05-04,2022-08-01,53719,8321,R0,50,44,0.42097031532200246,1.4898961996902778,2.323023876682077,1.2671488810402889,2.3533702499989886
3,normal,2022-05-04,2022-08-01,53719,8321,R0,50,45,0.38883575370353934,1.3776942447170277,2.1495195841696813,1.1789863319464906,2.3694308749982156
3,normal,2022-05-04,2022-08-01,53719,8321,R0,50,46,0.3682621146138947,1.2915414090751667,2.090321383385412,1.0225296813416644,2.3840363750059623
3,normal,2022-05-04,2022-08-01,53719,8321,RA_level,51,42,0.33640416908907345,1.13589569473882,1.793587553569163,0.9017106118756454,2.41906529199332
3,normal,2022-05-04,2022-08-01,53719,8321,RA_level,51,43,0.30901382048076,1.0585318419864287,1.7311763685993988,0.7857630483754147,2.451125416002469
3,normal,2022-05-04,2022-08-01,53719,8321,RA_level,51,44,0.33283753137790373,1.171488730938404,1.9027848708721748,0.9320066257622985,2.516367917007301
3,normal,2022-05-04,2022-08-01,53719,8321,RA_level,51,45,0.35439566259622857,1.2145887138572413,1.8870845981856783,0.9251194790632942,2.4294147090113256
3,normal,2022-05-04,2022-08-01,53719,8321,RA_level,51,46,0.35768995726469505,1.1907606837593672,1.8500941388651104,0.8927294445543912,2.363365541998064
3,normal,2022-05-04,2022-08-01,53719,8321,RA_delta,51,42,0.37812840288634514,1.3276025151135107,2.054299719284982,1.1126629637626517,2.4235947499983013
3,normal,2022-05-04,2022-08-01,53719,8321,RA_delta,51,43,0.4199952037862156,1.4789037276546293,2.2520935784800047,1.2825869186365837,2.3637981249921722
3,normal,2022-05-04,2022-08-01,53719,8321,RA_delta,51,44,0.3805184161897692,1.3294294140049077,2.1490355279524618,1.067477774955331,2.3510105419991305
3,normal,2022-05-04,2022-08-01,53719,8321,RA_delta,51,45,0.40681488577060254,1.4345956357336969,2.2006996039676023,1.2479089084352435,2.3670140829926822
3,normal,2022-05-04,2022-08-01,53719,8321,RA_delta,51,46,0.39614339244388247,1.381687385819756,2.13833965821247,1.1355240679568679,2.3629385410022223
3,normal,2022-05-04,2022-08-01,53719,8321,RA_both,52,42,0.3435807823436918,1.2023935828801469,1.9460529144024443,0.943457664772562,2.44901020899124
3,normal,2022-05-04,2022-08-01,53719,8321,RA_both,52,43,0.335217100245272,1.1430757368713942,1.8399751549048844,0.8271935632836418,2.4867460829991614
3,normal,2022-05-04,2022-08-01,53719,8321,RA_both,52,44,0.3360662361730101,1.1383619599242722,1.7977849507433128,0.8649808814984176,2.460442708004848
3,normal,2022-05-04,2022-08-01,53719,8321,RA_both,52,45,0.35275199538230523,1.164594629802403,1.759424510004786,0.9074744616155492,2.4918817080033477
3,normal,2022-05-04,2022-08-01,53719,8321,RA_both,52,46,0.3719174450901479,1.2996507536890358,2.0491567304025033,1.0931891501527569,2.4998080000077607
3,normal,2022-05-04,2022-08-01,53719,8321,RAC_full,54,42,0.30957301798940506,1.047319150515174,1.678005723314099,0.7543581572721114,2.65966354199918
3,normal,2022-05-04,2022-08-01,53719,8321,RAC_full,54,43,0.3449587920197395,1.2152519230291887,1.968322155670424,0.9888846680958531,2.612534832995152
3,normal,2022-05-04,2022-08-01,53719,8321,RAC_full,54,44,0.3578480487713518,1.1968923896394565,1.8940427686585763,0.9335823074032294,2.6040813750005327
3,normal,2022-05-04,2022-08-01,53719,8321,RAC_full,54,45,0.4873532877353477,1.2861579443810973,2.0719820338913006,1.017534466813976,2.5706415830063634
3,normal,2022-05-04,2022-08-01,53719,8321,RAC_full,54,46,0.3338317846404419,1.1499297085328644,1.840589941224657,0.8777638583227797,2.6141605000011623
4,shock,2022-08-02,2022-10-30,58317,6428,R0,50,42,0.420524291795595,1.2673947506696077,1.957767065860221,0.5607262257516246,2.639707125010318
4,shock,2022-08-02,2022-10-30,58317,6428,R0,50,43,0.4002071771843062,1.1794740422699608,1.8027317146973596,0.5641239618428096,2.545358542003669
4,shock,2022-08-02,2022-10-30,58317,6428,R0,50,44,0.44222927495852365,1.305715694145356,2.0813990689290627,0.5581063111865622,2.5475121250055963
4,shock,2022-08-02,2022-10-30,58317,6428,R0,50,45,0.4109403506153726,1.2048379147995767,1.8554613421775028,0.5816922086818141,2.5708112079882994
4,shock,2022-08-02,2022-10-30,58317,6428,R0,50,46,0.41704622001300534,1.1876957592312467,1.8235201808536008,0.5634905473070987,2.539594208006747
4,shock,2022-08-02,2022-10-30,58317,6428,RA_level,51,42,0.4050746941932779,1.1356707685998644,1.6509844824406226,0.5831181716647824,2.6161185829987517
4,shock,2022-08-02,2022-10-30,58317,6428,RA_level,51,43,0.40575486031916713,1.117500744251344,1.6075506193933398,0.5936742978572322,2.618845249991864
4,shock,2022-08-02,2022-10-30,58317,6428,RA_level,51,44,0.38951645250820105,1.074964810336645,1.5607999507193993,0.5906965203389197,2.6321181250095833
4,shock,2022-08-02,2022-10-30,58317,6428,RA_level,51,45,0.41107131389719676,1.1063587241458035,1.5971494965994055,0.6074394827539696,2.7402514590066858
4,shock,2022-08-02,2022-10-30,58317,6428,RA_level,51,46,0.3926995342839477,1.073353520245878,1.5937264410555882,0.5621479464447453,2.6793298330012476
4,shock,2022-08-02,2022-10-30,58317,6428,RA_delta,51,42,0.41653984570481295,1.2294607165168525,1.9334003793699515,0.580194226018993,2.7030801250075456
4,shock,2022-08-02,2022-10-30,58317,6428,RA_delta,51,43,0.4102656053996811,1.1772905265925928,1.8175817768837315,0.5478312129091651,2.686900833999971
4,shock,2022-08-02,2022-10-30,58317,6428,RA_delta,51,44,0.40630914516173755,1.2139312876219879,1.9013617823917717,0.5728509979259055,2.6818988750019344
4,shock,2022-08-02,2022-10-30,58317,6428,RA_delta,51,45,0.43965125289812246,1.2778696801674014,1.9750626487370582,0.5929244765702709,2.760892749996856
4,shock,2022-08-02,2022-10-30,58317,6428,RA_delta,51,46,0.44255801674215356,1.2816713906109456,1.9211325654777849,0.614960388890585,2.709234750000178
4,shock,2022-08-02,2022-10-30,58317,6428,RA_both,52,42,0.42502785468694476,1.1475879881145903,1.6731487664408242,0.5921969129207028,2.706946042002528
4,shock,2022-08-02,2022-10-30,58317,6428,RA_both,52,43,0.4131723277416139,1.128331183137761,1.6248817905816972,0.6011535221938021,2.7401957499969285
4,shock,2022-08-02,2022-10-30,58317,6428,RA_both,52,44,0.44313365703251906,1.24826096449884,1.863863436255557,0.625887455711964,2.729123917000834
4,shock,2022-08-02,2022-10-30,58317,6428,RA_both,52,45,0.4050634029165932,1.1214116689511684,1.6796098101756676,0.5609179719056833,2.717958583001746
4,shock,2022-08-02,2022-10-30,58317,6428,RA_both,52,46,0.4403781978026902,1.216102070941114,1.8767995394116452,0.5888161031022705,2.7078689170011785
4,shock,2022-08-02,2022-10-30,58317,6428,RAC_full,54,42,0.3977846027865283,1.084016888244992,1.5823921381920028,0.58255175050098,2.8394842499983497
4,shock,2022-08-02,2022-10-30,58317,6428,RAC_full,54,43,0.4116234786262582,1.1852565228714096,1.7844218416605884,0.5857377787718586,2.90648604099988
4,shock,2022-08-02,2022-10-30,58317,6428,RAC_full,54,44,0.409858188035623,1.1777733634691558,1.7341638741249987,0.573236075568481,2.9035795420059003
4,shock,2022-08-02,2022-10-30,58317,6428,RAC_full,54,45,0.40815869811463173,1.1479039927207095,1.663137775868792,0.5734467970442158,2.8844334999885177
4,shock,2022-08-02,2022-10-30,58317,6428,RAC_full,54,46,0.3965612417400455,1.154824800015043,1.7777604303997299,0.5680923490390732,5.695952499998384
5,normal,2022-10-31,2023-01-28,57613,7815,R0,50,42,0.2939803554108413,0.9772454277802225,1.5613623911075942,0.5141666320309805,3.739387709007133
5,normal,2022-10-31,2023-01-28,57613,7815,R0,50,43,0.29948893288603495,0.9610546834347568,1.5225604862105029,0.5510913416281835,3.4298682499938877
5,normal,2022-10-31,2023-01-28,57613,7815,R0,50,44,0.31552008735996423,1.02612619813394,1.6622565694030491,0.5486276791279988,3.0913002919987775
5,normal,2022-10-31,2023-01-28,57613,7815,R0,50,45,0.27494187376651397,0.8903628586881172,1.3580065180347987,0.5101195182212395,3.105002542011789
5,normal,2022-10-31,2023-01-28,57613,7815,R0,50,46,0.287450536985236,0.9400350625674865,1.4595786565699715,0.5357285134518485,3.4260431659931783
5,normal,2022-10-31,2023-01-28,57613,7815,RA_level,51,42,0.28647839515312556,0.8690577377206989,1.2863327986356015,0.5325258499536021,3.073878708004486
5,normal,2022-10-31,2023-01-28,57613,7815,RA_level,51,43,0.2758068342172856,0.8662518762515886,1.315814339517062,0.512952335173666,3.1338727090042084
5,normal,2022-10-31,2023-01-28,57613,7815,RA_level,51,44,0.27523898094447863,0.8536705999822659,1.2335723733198918,0.5094153633078832,2.9342639579990646
5,normal,2022-10-31,2023-01-28,57613,7815,RA_level,51,45,0.2871394931937905,0.9031381481475885,1.3581840873057927,0.5484321039427029,3.058738000006997
5,normal,2022-10-31,2023-01-28,57613,7815,RA_level,51,46,0.27075371425863004,0.8380439051961697,1.2056352978500142,0.534154945257497,3.112488916987786
5,normal,2022-10-31,2023-01-28,57613,7815,RA_delta,51,42,0.267166126236589,0.8230242527051551,1.2435505865629524,0.46562572919280676,3.058188833994791
5,normal,2022-10-31,2023-01-28,57613,7815,RA_delta,51,43,0.3862922649611541,0.9237958223872931,1.446241371622595,0.5346131138533142,3.2289647919969866
5,normal,2022-10-31,2023-01-28,57613,7815,RA_delta,51,44,0.2745971121266394,0.8906515762820281,1.3583723849129798,0.5104190621633934,2.9627192500047386
5,normal,2022-10-31,2023-01-28,57613,7815,RA_delta,51,45,0.25841081061478094,0.824177934863926,1.2559649899640009,0.469940020695414,2.9111137080035405
5,normal,2022-10-31,2023-01-28,57613,7815,RA_delta,51,46,0.2741139566242387,0.8899267165152392,1.3928467577214891,0.5062465597867513,3.1772530829912284
5,normal,2022-10-31,2023-01-28,57613,7815,RA_both,52,42,0.2567951667696752,0.797070391879047,1.1667679629227605,0.4773912791022079,3.595152291993145
5,normal,2022-10-31,2023-01-28,57613,7815,RA_both,52,43,0.2538780621891883,0.7852301654472036,1.139324230356391,0.4889048545284775,2.944005042008939
5,normal,2022-10-31,2023-01-28,57613,7815,RA_both,52,44,0.29390067257628644,0.8895966459132709,1.3380371721142443,0.49243882543680134,3.010160582998651
5,normal,2022-10-31,2023-01-28,57613,7815,RA_both,52,45,0.2699423843835554,0.8501537629743299,1.2523082718581058,0.5097861013050381,2.969293583999388
5,normal,2022-10-31,2023-01-28,57613,7815,RA_both,52,46,0.259544118199549,0.8186696014683859,1.219501687962439,0.47038712853171655,2.946267542007263
5,normal,2022-10-31,2023-01-28,57613,7815,RAC_full,54,42,0.24968226088340198,0.7692426395932681,1.116152252828407,0.4503136130606294,3.0890512079931796
5,normal,2022-10-31,2023-01-28,57613,7815,RAC_full,54,43,0.25123443252753624,0.7850826212210349,1.1651815042443994,0.4409364542648308,3.059336791993701
5,normal,2022-10-31,2023-01-28,57613,7815,RAC_full,54,44,0.25593210135282696,0.7936163911653623,1.1451052571034381,0.49744961201485394,3.3176081249985145
5,normal,2022-10-31,2023-01-28,57613,7815,RAC_full,54,45,0.26004739909215446,0.8059599235104691,1.1826237685875718,0.44703126734338655,3.104776332998881
5,normal,2022-10-31,2023-01-28,57613,7815,RAC_full,54,46,0.2574467399902391,0.8078226078398648,1.1835435421265879,0.4673868867048391,3.120505333004985
6,normal,2023-01-29,2023-04-28,57361,2116,R0,50,42,0.21814575196132616,0.7681255186952684,1.2973647003132562,0.32887305138582007,3.225684042001376
6,normal,2023-01-29,2023-04-28,57361,2116,R0,50,43,0.21810939574304986,0.7738385914536569,1.2976794255117514,0.34471251157739213,3.0063343749934575
6,normal,2023-01-29,2023-04-28,57361,2116,R0,50,44,0.21321491480999755,0.7570101956733397,1.2656565209442323,0.32709221334909877,3.0713866659934865
6,normal,2023-01-29,2023-04-28,57361,2116,R0,50,45,0.21994291579341932,0.7650961186832339,1.2494837103042817,0.33386857254693997,3.0720827089971863
6,normal,2023-01-29,2023-04-28,57361,2116,R0,50,46,0.21823133672524786,0.7782517485274747,1.3477791955435616,0.3296307191013519,3.039216540986672
6,normal,2023-01-29,2023-04-28,57361,2116,RA_level,51,42,0.22015973439060063,0.762317930988038,1.255877604151782,0.33096298264268303,3.3702020829950925
6,normal,2023-01-29,2023-04-28,57361,2116,RA_level,51,43,0.22255990786928245,0.7783734898568221,1.2850679199338888,0.33842256033699625,3.679647584009217
6,normal,2023-01-29,2023-04-28,57361,2116,RA_level,51,44,0.21825239274151628,0.7731334663256066,1.324146888880586,0.3230731577232532,3.092534458002774
6,normal,2023-01-29,2023-04-28,57361,2116,RA_level,51,45,0.21591117605436272,0.7674554582545163,1.2941695441763263,0.3140380936279309,3.1012771250098012
6,normal,2023-01-29,2023-04-28,57361,2116,RA_level,51,46,0.21530843170642425,0.7696343315277662,1.3067339722509652,0.32250910643456454,3.146661666003638
6,normal,2023-01-29,2023-04-28,57361,2116,RA_delta,51,42,0.21494424407322352,0.7574134581716503,1.2386956850856543,0.3356221750325051,3.0341464999946766
6,normal,2023-01-29,2023-04-28,57361,2116,RA_delta,51,43,0.2161643894749062,0.7618541990402973,1.2600588899307357,0.3300971662238426,3.0394137909897836
6,normal,2023-01-29,2023-04-28,57361,2116,RA_delta,51,44,0.2192279600879971,0.7558251914208188,1.2367499610846897,0.32933028853063356,3.215047833000426
6,normal,2023-01-29,2023-04-28,57361,2116,RA_delta,51,45,0.2149583110309023,0.7595689925385406,1.249702696683809,0.3368907516507912,3.0622790830093436
6,normal,2023-01-29,2023-04-28,57361,2116,RA_delta,51,46,0.21833047196218847,0.7731272526368682,1.293785002051673,0.3276020337284116,3.0359302919969196
6,normal,2023-01-29,2023-04-28,57361,2116,RA_both,52,42,0.21441833441892968,0.7486889753995773,1.2419033550321914,0.33739948826678684,3.1079131250007777
6,normal,2023-01-29,2023-04-28,57361,2116,RA_both,52,43,0.2192744244616781,0.7614085527517779,1.2558026771942346,0.3199745315641313,3.1650297079904703
6,normal,2023-01-29,2023-04-28,57361,2116,RA_both,52,44,0.22110369951241352,0.7746860509295129,1.2798724662813774,0.3298090118398253,3.0995450829941547
6,normal,2023-01-29,2023-04-28,57361,2116,RA_both,52,45,0.2144867362771924,0.7596552012729424,1.2494204097853308,0.31984647336913014,3.0501219170109835
6,normal,2023-01-29,2023-04-28,57361,2116,RA_both,52,46,0.240343910621693,0.7492426010476562,1.2632921651297426,0.3257334796383808,3.080733708993648
6,normal,2023-01-29,2023-04-28,57361,2116,RAC_full,54,42,0.21734363590220412,0.7632931578491398,1.2643140066519152,0.3211270937964565,3.3828950000024633
6,normal,2023-01-29,2023-04-28,57361,2116,RAC_full,54,43,0.21961989889474384,0.759505694814407,1.2468229872904544,0.3360996448437534,3.1964655420015333
6,normal,2023-01-29,2023-04-28,57361,2116,RAC_full,54,44,0.22483125648610477,0.7766578518298086,1.2794360536022602,0.32582334518803807,3.343609750008909
6,normal,2023-01-29,2023-04-28,57361,2116,RAC_full,54,45,0.21598299943748867,0.7585026766789316,1.2325339562157271,0.32134431892742227,3.2723471249919385
6,normal,2023-01-29,2023-04-28,57361,2116,RAC_full,54,46,0.2205023458645897,0.7684855590092537,1.2629935285642637,0.3117697155276776,3.2993634580052458
7,normal,2023-04-29,2023-07-27,57651,12504,R0,50,42,0.2511904800024137,0.8269285741934875,1.3538770131890494,0.5074066021746215,3.1249003749981057
7,normal,2023-04-29,2023-07-27,57651,12504,R0,50,43,0.252871999704987,0.8061351668386052,1.287254051228475,0.5034360370482098,4.0523346250120085
7,normal,2023-04-29,2023-07-27,57651,12504,R0,50,44,0.2685863638577919,0.8790184169738892,1.3511304593828846,0.5526597358492933,4.501435833997675
7,normal,2023-04-29,2023-07-27,57651,12504,R0,50,45,0.25757415603004474,0.8166556604469495,1.2608374905527389,0.5168473312298985,3.7235435000038706
7,normal,2023-04-29,2023-07-27,57651,12504,R0,50,46,0.30060103609454913,0.8147620124492151,1.2697108795809389,0.5133892627374705,3.2183260829915525
7,normal,2023-04-29,2023-07-27,57651,12504,RA_level,51,42,0.2729248892737092,0.8803394731679459,1.3233247240228774,0.5690712564067871,3.996135207999032
7,normal,2023-04-29,2023-07-27,57651,12504,RA_level,51,43,0.2890916711355367,0.9433033566330266,1.4087580692348503,0.6163003705204925,3.408580624993192
7,normal,2023-04-29,2023-07-27,57651,12504,RA_level,51,44,0.294574657851145,0.9598209602406212,1.4170674348893264,0.6466770469688812,3.445100957993418
7,normal,2023-04-29,2023-07-27,57651,12504,RA_level,51,45,0.27432313816680187,0.877778298964382,1.3287224152411443,0.561461067154349,3.2609813750023022
7,normal,2023-04-29,2023-07-27,57651,12504,RA_level,51,46,0.2919252636988464,0.9440653699864388,1.3861511854434128,0.627063277890299,3.216750833002152
7,normal,2023-04-29,2023-07-27,57651,12504,RA_delta,51,42,0.2566445093840504,0.8351836064220515,1.307135499167685,0.5254961862715334,3.166929709012038
7,normal,2023-04-29,2023-07-27,57651,12504,RA_delta,51,43,0.2549492417010929,0.8220786007518488,1.3073564194910547,0.50624735087377,3.1885854169959202
7,normal,2023-04-29,2023-07-27,57651,12504,RA_delta,51,44,0.2559986125402773,0.8221100945514821,1.2814301024472698,0.510997819991848,3.7323974999890197
7,normal,2023-04-29,2023-07-27,57651,12504,RA_delta,51,45,0.2649502131176434,0.8552151323851411,1.338097921007167,0.5264620786051887,3.3728257500042673
7,normal,2023-04-29,2023-07-27,57651,12504,RA_delta,51,46,0.25505838079161564,0.8187695100115863,1.2782990367757334,0.49654149842960277,3.3427394589962205
7,normal,2023-04-29,2023-07-27,57651,12504,RA_both,52,42,0.2808050746447736,0.9066814598266689,1.3890672095034888,0.5863162156286834,3.3488651250081602
7,normal,2023-04-29,2023-07-27,57651,12504,RA_both,52,43,0.27875314457398337,0.9151392757759435,1.4275730842918655,0.5888415681494186,3.419056458005798
7,normal,2023-04-29,2023-07-27,57651,12504,RA_both,52,44,0.27859943756296013,0.9008411085385523,1.3797930737492985,0.572411737815364,3.405422666997765
7,normal,2023-04-29,2023-07-27,57651,12504,RA_both,52,45,0.27451638354394237,0.8975472145475576,1.3962216735426287,0.5678846820086197,3.5138767919997917
7,normal,2023-04-29,2023-07-27,57651,12504,RA_both,52,46,0.2784619182894739,0.9084512322420897,1.4352398834114157,0.5796562137312917,3.4434343750035623
7,normal,2023-04-29,2023-07-27,57651,12504,RAC_full,54,42,0.2937160524085207,0.9576866237969468,1.4440738970051898,0.626640317574801,3.7133910420088796
7,normal,2023-04-29,2023-07-27,57651,12504,RAC_full,54,43,0.2718145651818447,0.88004558481278,1.353380051232078,0.5609653583358444,3.4570828750001965
7,normal,2023-04-29,2023-07-27,57651,12504,RAC_full,54,44,0.2731853553076754,0.875092527706715,1.3385034692812758,0.5619281801124203,3.393871417007176
7,normal,2023-04-29,2023-07-27,57651,12504,RAC_full,54,45,0.2699646866344178,0.8753441357148727,1.375262522813136,0.5469508333904943,3.4197332089970587
7,normal,2023-04-29,2023-07-27,57651,12504,RAC_full,54,46,0.27597703598337603,0.8913785967881042,1.3535828459386325,0.572204275472603,3.4460582500032615
8,normal,2023-07-28,2023-10-25,59700,6761,R0,50,42,0.30626274795519226,1.2052034578480253,2.852859671574775,1.4451735032577069,3.4721797089878237
8,normal,2023-07-28,2023-10-25,59700,6761,R0,50,43,0.3001894848326636,1.180827809494405,2.8012763482784915,1.4106375415341408,3.354896541000926
8,normal,2023-07-28,2023-10-25,59700,6761,R0,50,44,0.29330604614477385,1.1511495211754361,2.702004275330396,1.3844228238555076,3.6124863750010263
8,normal,2023-07-28,2023-10-25,59700,6761,R0,50,45,0.3198672325528107,1.2596543039844041,2.982023115347601,1.5115134877698655,3.353932457990595
8,normal,2023-07-28,2023-10-25,59700,6761,R0,50,46,0.29215014721869986,1.147935509658442,2.700078153285244,1.3716753083128657,3.3549677499977406
8,normal,2023-07-28,2023-10-25,59700,6761,RA_level,51,42,0.2790680782956971,1.09570409897037,2.592502472487744,1.3009345806378256,3.4417755419999594
8,normal,2023-07-28,2023-10-25,59700,6761,RA_level,51,43,0.29334161410582393,1.142626244302221,2.6754811978786615,1.3650591854363614,3.424264999994193
8,normal,2023-07-28,2023-10-25,59700,6761,RA_level,51,44,0.2721094828319172,1.0666489893666207,2.4886590428923814,1.2380368145092562,3.4990038329997333
8,normal,2023-07-28,2023-10-25,59700,6761,RA_level,51,45,0.29214745536860076,1.1473668289696177,2.706088677045256,1.3718160199002962,3.504228999998304
8,normal,2023-07-28,2023-10-25,59700,6761,RA_level,51,46,0.2799716233147515,1.0984057146578752,2.5831867929986205,1.3107941833383598,3.406699709012173
8,normal,2023-07-28,2023-10-25,59700,6761,RA_delta,51,42,0.27677839792716,1.0835575336230883,2.5323649946800026,1.2877476456172317,3.4048699580016546
8,normal,2023-07-28,2023-10-25,59700,6761,RA_delta,51,43,0.2802759782712801,1.0989957462886244,2.581658091528306,1.2987982017863917,3.4266495420015417
8,normal,2023-07-28,2023-10-25,59700,6761,RA_delta,51,44,0.277507610860052,1.0886329868981401,2.553342460406777,1.2941763908771677,3.3972093339980347
8,normal,2023-07-28,2023-10-25,59700,6761,RA_delta,51,45,0.2767954695487399,1.0835381318735,2.5081468589071005,1.2628177507400207,3.3505487910006195
8,normal,2023-07-28,2023-10-25,59700,6761,RA_delta,51,46,0.29261227030613973,1.1503381869169005,2.7243335916651867,1.3913973196169365,3.3752108750049956
8,normal,2023-07-28,2023-10-25,59700,6761,RA_both,52,42,0.2881379204837098,1.1293087493960818,2.643474617904849,1.338366582682112,3.499853000001167
8,normal,2023-07-28,2023-10-25,59700,6761,RA_both,52,43,0.2760214580927678,1.083219025747373,2.556560952746047,1.2884052370773174,3.4938296250038547
8,normal,2023-07-28,2023-10-25,59700,6761,RA_both,52,44,0.27643272280934067,1.0810126868440242,2.5380136901922037,1.3063953175566405,3.4341634159936802
8,normal,2023-07-28,2023-10-25,59700,6761,RA_both,52,45,0.28099607906717744,1.101188892225133,2.5988481570884208,1.3265135643148993,3.5134882090060273
8,normal,2023-07-28,2023-10-25,59700,6761,RA_both,52,46,0.28948372753035295,1.134693561867253,2.6722454887776927,1.3526678212642305,3.5250265420036158
8,normal,2023-07-28,2023-10-25,59700,6761,RAC_full,54,42,0.27207061840357794,1.0628386506682055,2.4717284037290486,1.2428035025707485,4.204280249992735
8,normal,2023-07-28,2023-10-25,59700,6761,RAC_full,54,43,0.25367426083021083,0.9878255793914712,2.296270078065957,1.1543832898274982,4.372376083993004
8,normal,2023-07-28,2023-10-25,59700,6761,RAC_full,54,44,0.2512422536352789,0.9765407198660606,2.258579684959071,1.137790978624375,3.8741027920041233
8,normal,2023-07-28,2023-10-25,59700,6761,RAC_full,54,45,0.2735980207235242,1.0698969627318333,2.49585304871301,1.2701407347323106,3.7639940829976695
8,normal,2023-07-28,2023-10-25,59700,6761,RAC_full,54,46,0.2551955625149377,0.9968991565041831,2.335827003672616,1.181835615575208,3.7569850419968134
9,shock,2023-10-26,2024-01-23,60022,5056,R0,50,42,0.33051669406832346,1.1195009241134053,1.896357860186507,0.47251091456250155,4.206785792004666
9,shock,2023-10-26,2024-01-23,60022,5056,R0,50,43,0.35383383679477515,1.1913959374399297,1.962060485139848,0.5271697511541185,3.622481875005178
9,shock,2023-10-26,2024-01-23,60022,5056,R0,50,44,0.33777729914109494,1.1338326047672935,1.8885974064277242,0.48605010092382783,3.992152791994158
9,shock,2023-10-26,2024-01-23,60022,5056,R0,50,45,0.3401116261609269,1.1526623058948682,1.9295308445339225,0.47662601665503057,3.7124954589962726
9,shock,2023-10-26,2024-01-23,60022,5056,R0,50,46,0.34023287109424694,1.1487093765714658,1.934936926684793,0.47752296827666935,3.7113312500005122
9,shock,2023-10-26,2024-01-23,60022,5056,RA_level,51,42,0.3372028554106227,1.1085666778967114,1.826575309910045,0.47960469564897973,3.644881041996996
9,shock,2023-10-26,2024-01-23,60022,5056,RA_level,51,43,0.34142645486820217,1.147265348623144,1.9304354035908013,0.5043352865898799,3.7060266670014244
9,shock,2023-10-26,2024-01-23,60022,5056,RA_level,51,44,0.3454232495692322,1.15473732395476,1.9031464730572942,0.5177313785047511,3.585644125007093
9,shock,2023-10-26,2024-01-23,60022,5056,RA_level,51,45,0.3415056813570628,1.1458449525637286,1.8924815389925078,0.5027405224924155,3.7162371249869466
9,shock,2023-10-26,2024-01-23,60022,5056,RA_level,51,46,0.33978315076415105,1.1237981441385148,1.8475437532379215,0.5160568106344515,3.8843669579946436
9,shock,2023-10-26,2024-01-23,60022,5056,RA_delta,51,42,0.3436453789093667,1.1611161418868388,1.9371061732124089,0.49330828959813566,3.6551278330007335
9,shock,2023-10-26,2024-01-23,60022,5056,RA_delta,51,43,0.34638111570598384,1.1646193805416807,1.923893279966024,0.5153040544374476,3.6440678749931976
9,shock,2023-10-26,2024-01-23,60022,5056,RA_delta,51,44,0.34328619127322785,1.1569431363216507,1.9507657497458952,0.5098431369459276,3.733143958990695
9,shock,2023-10-26,2024-01-23,60022,5056,RA_delta,51,45,0.35394050303004965,1.167937207654315,1.9066721615246807,0.5353033065433757,3.626641082999413
9,shock,2023-10-26,2024-01-23,60022,5056,RA_delta,51,46,0.35774309202134896,1.2075178351351614,2.0071166890790213,0.5378686195533119,3.5693114589957986
9,shock,2023-10-26,2024-01-23,60022,5056,RA_both,52,42,0.34621205503485686,1.156870019345652,1.9211358292478016,0.5182316419442777,3.7148500839975895
9,shock,2023-10-26,2024-01-23,60022,5056,RA_both,52,43,0.34333824108310984,1.1503264869574994,1.910816296791556,0.5219779168774141,3.764941917004762
9,shock,2023-10-26,2024-01-23,60022,5056,RA_both,52,44,0.36265981749601517,1.2145543516317727,2.0157094712395534,0.5572652290355782,3.8428918340068776
9,shock,2023-10-26,2024-01-23,60022,5056,RA_both,52,45,0.34592900413918626,1.1628226217903277,1.941386374296669,0.5391191640886258,4.200946291995933
9,shock,2023-10-26,2024-01-23,60022,5056,RA_both,52,46,0.3556562760506568,1.1702545873784322,1.926591484204447,0.575323269473698,3.7962184579955647
9,shock,2023-10-26,2024-01-23,60022,5056,RAC_full,54,42,0.3722989193178895,1.2360374148118065,2.0378863266733704,0.599865047202246,4.144304917004774
9,shock,2023-10-26,2024-01-23,60022,5056,RAC_full,54,43,0.37010589844632547,1.2141717838432882,1.965335021616576,0.5982427280047936,3.962750041988329
9,shock,2023-10-26,2024-01-23,60022,5056,RAC_full,54,44,0.37090372679548533,1.2340270321376312,2.0495377445443816,0.5507423486022973,4.077999999994063
9,shock,2023-10-26,2024-01-23,60022,5056,RAC_full,54,45,0.3703477822593609,1.2354877252717376,2.03593930313842,0.5614752421515814,4.110884666995844
9,shock,2023-10-26,2024-01-23,60022,5056,RAC_full,54,46,0.3619573014401918,1.2156580796885876,2.0203757827104023,0.5486003395838029,3.914274042006582
10,normal,2024-01-24,2024-04-22,58953,1151,R0,50,42,0.2542584492543355,0.9561237452365633,1.7981771083601543,0.22645993062625006,3.897714165999787
10,normal,2024-01-24,2024-04-22,58953,1151,R0,50,43,0.25931756737944106,0.9687535291029328,1.817418810258244,0.24017849273052222,3.797653125002398
10,normal,2024-01-24,2024-04-22,58953,1151,R0,50,44,0.25445247367978846,0.9524755204382074,1.7713025777652427,0.223606559051696,3.719489083989174
10,normal,2024-01-24,2024-04-22,58953,1151,R0,50,45,0.2537638181525866,0.9446113937703733,1.7183361417660339,0.2079350374747588,3.7480666670016944
10,normal,2024-01-24,2024-04-22,58953,1151,R0,50,46,0.24813642055559115,0.9313518073748696,1.7526108735323398,0.21409034880205383,3.730286457997863
10,normal,2024-01-24,2024-04-22,58953,1151,RA_level,51,42,0.2621213513706615,0.9889422656037165,1.8562294134527715,0.22286843393797975,3.851604541996494
10,normal,2024-01-24,2024-04-22,58953,1151,RA_level,51,43,0.256368257129097,0.9604691652315457,1.788446262867975,0.22828408612433326,3.895494750002399
10,normal,2024-01-24,2024-04-22,58953,1151,RA_level,51,44,0.26199920740611954,0.9835383730623077,1.862808293553096,0.22879262436243292,3.8782800839981064
10,normal,2024-01-24,2024-04-22,58953,1151,RA_level,51,45,0.255806712622776,0.9654766052348901,1.8068809911545756,0.2450657506253358,3.9457497910043458
10,normal,2024-01-24,2024-04-22,58953,1151,RA_level,51,46,0.25654299980735845,0.9621672378353779,1.7781961131448918,0.20248080295031026,3.998511999991024
10,normal,2024-01-24,2024-04-22,58953,1151,RA_delta,51,42,0.253219702781715,0.9490178367961444,1.763802144478353,0.20977333173951546,3.9399022910074564
10,normal,2024-01-24,2024-04-22,58953,1151,RA_delta,51,43,0.2497765543774524,0.9353232575360776,1.7269764556128815,0.2128922378033959,4.020722000001115
10,normal,2024-01-24,2024-04-22,58953,1151,RA_delta,51,44,0.24876341168186175,0.9277187410242789,1.722455954077469,0.21351471150739862,4.0386849170026835
10,normal,2024-01-24,2024-04-22,58953,1151,RA_delta,51,45,0.24851027686825788,0.9258522852325576,1.715154003119662,0.21202097685412816,3.9982109160046093
10,normal,2024-01-24,2024-04-22,58953,1151,RA_delta,51,46,0.24514006457135135,0.9117017745538551,1.6962155077186205,0.22345939296438544,3.9162011250009527
10,normal,2024-01-24,2024-04-22,58953,1151,RA_both,52,42,0.2581130223593324,0.9650869217131618,1.7231062289892465,0.20705515738893637,4.0321661659982055
10,normal,2024-01-24,2024-04-22,58953,1151,RA_both,52,43,0.25559856237192274,0.9166850012514877,1.622023916001888,0.20928208873340523,4.0023842500086175
10,normal,2024-01-24,2024-04-22,58953,1151,RA_both,52,44,0.2505700514040682,0.9340486676959943,1.7039573786098723,0.21561674992487595,3.9819000410061562
10,normal,2024-01-24,2024-04-22,58953,1151,RA_both,52,45,0.2530316566714753,0.9441735329652656,1.7276934160868445,0.22655333980741962,3.93371058399498
10,normal,2024-01-24,2024-04-22,58953,1151,RA_both,52,46,0.2614575401067491,0.975383174559157,1.7640711531241355,0.20751838095983938,3.897004124999512
10,normal,2024-01-24,2024-04-22,58953,1151,RAC_full,54,42,0.2547715747908338,0.950892762215356,1.7271478736259203,0.21959978920032547,4.155113667002297
10,normal,2024-01-24,2024-04-22,58953,1151,RAC_full,54,43,0.2508703656366249,0.9185076028050958,1.6265213959751355,0.21021541628731025,4.08057025000744
10,normal,2024-01-24,2024-04-22,58953,1151,RAC_full,54,44,0.2586989307977167,0.9535882028773965,1.711530688974581,0.21138308535729392,4.119725625001593
10,normal,2024-01-24,2024-04-22,58953,1151,RAC_full,54,45,0.2497001745040483,0.9269826529367741,1.6624488120054102,0.23437023228515141,4.052269833002356
10,normal,2024-01-24,2024-04-22,58953,1151,RAC_full,54,46,0.25050635421349354,0.9276365674665014,1.6598869212690857,0.22258831718427774,4.095336499987752
11,normal,2024-04-23,2024-07-21,59790,9763,R0,50,42,0.3441310448127469,1.1502289805741117,1.8213637054732763,0.7606764087232717,4.100481791989296
11,normal,2024-04-23,2024-07-21,59790,9763,R0,50,43,0.34641903715371325,1.1355249667831602,1.7577527383918312,0.7746149511110939,3.896738124996773
11,normal,2024-04-23,2024-07-21,59790,9763,R0,50,44,0.3540123933559259,1.1753758904961362,1.8404619319445565,0.8007464131922218,4.033932125006686
11,normal,2024-04-23,2024-07-21,59790,9763,R0,50,45,0.3181755473310613,1.0131143146921389,1.594394262238163,0.704102080930958,3.8122198750061216
11,normal,2024-04-23,2024-07-21,59790,9763,R0,50,46,0.35276415759349544,1.1586915593575722,1.7918578340739266,0.7818079241305109,3.832187292005983
11,normal,2024-04-23,2024-07-21,59790,9763,RA_level,51,42,0.3280970901850751,1.05866556669624,1.6737631301271627,0.7355158862219341,3.913863082998432
11,normal,2024-04-23,2024-07-21,59790,9763,RA_level,51,43,0.3354466253260352,1.0957129482731183,1.768896017179009,0.7746945702560256,3.8795803749962943
11,normal,2024-04-23,2024-07-21,59790,9763,RA_level,51,44,0.32230901277707474,1.0387542102530698,1.6318922739696349,0.7282047206571219,3.909312207993935
11,normal,2024-04-23,2024-07-21,59790,9763,RA_level,51,45,0.3362043244808973,1.093004656100699,1.7280728985431821,0.76061259463043,3.920146125004976
11,normal,2024-04-23,2024-07-21,59790,9763,RA_level,51,46,0.3522012735194028,1.161678877437383,1.8255893550722675,0.8021444410888056,3.942174708005041
11,normal,2024-04-23,2024-07-21,59790,9763,RA_delta,51,42,0.3369011321796065,1.101358724819349,1.7133355722200403,0.7583346834395495,3.9109523340011947
11,normal,2024-04-23,2024-07-21,59790,9763,RA_delta,51,43,0.3529676484687496,1.1642021021693196,1.8138233759354954,0.7962312632953208,3.9095130000059726
11,normal,2024-04-23,2024-07-21,59790,9763,RA_delta,51,44,0.3486247064166322,1.1320241345098319,1.7688951161988562,0.8021157094710873,4.047662625001976
11,normal,2024-04-23,2024-07-21,59790,9763,RA_delta,51,45,0.3490950628358338,1.1649794376585971,1.8477939804315868,0.8111487114878825,4.020338125003036
11,normal,2024-04-23,2024-07-21,59790,9763,RA_delta,51,46,0.3523593252870291,1.1613448232937402,1.8003056013681755,0.7943022362147112,3.920333165995544
11,normal,2024-04-23,2024-07-21,59790,9763,RA_both,52,42,0.3419248467071772,1.1244707779750776,1.783670569456936,0.8012762838189813,4.152230041989242
11,normal,2024-04-23,2024-07-21,59790,9763,RA_both,52,43,0.33980138003430155,1.1185593577338606,1.7784720158367793,0.7858521050625231,4.2427969170094
11,normal,2024-04-23,2024-07-21,59790,9763,RA_both,52,44,0.35019458780039375,1.1452874596269025,1.7854802673792547,0.8215384457592122,4.187860791993444
11,normal,2024-04-23,2024-07-21,59790,9763,RA_both,52,45,0.32749151835435425,1.0660135191161348,1.6650463937501925,0.7582700038420499,4.239220750008826
11,normal,2024-04-23,2024-07-21,59790,9763,RA_both,52,46,0.33547691564099813,1.088635307071013,1.7048008167022433,0.7685093611674509,4.105357042004471
11,normal,2024-04-23,2024-07-21,59790,9763,RAC_full,54,42,0.34620568863623935,1.1337224512241328,1.746633414342845,0.792825434503658,4.441151457998785
11,normal,2024-04-23,2024-07-21,59790,9763,RAC_full,54,43,0.35879698971944,1.1675072026403301,1.8070316544594245,0.8111387449108297,4.349897958003567
11,normal,2024-04-23,2024-07-21,59790,9763,RAC_full,54,44,0.32993405163092887,1.0603429039755197,1.66836355097077,0.7378371995501729,4.250664749997668
11,normal,2024-04-23,2024-07-21,59790,9763,RAC_full,54,45,0.4158028286637052,1.0659080004757802,1.6520955036244953,0.7930439517248637,4.236417666004854
11,normal,2024-04-23,2024-07-21,59790,9763,RAC_full,54,46,0.313388843429079,1.012392408200458,1.60572327683179,0.7102694190933458,4.161317624995718
12,normal,2024-07-22,2024-10-19,60944,1649,R0,50,42,0.30485216555616207,1.020026356851458,1.6771509098935509,0.13246826363614914,4.019854917001794
12,normal,2024-07-22,2024-10-19,60944,1649,R0,50,43,0.31360184549770287,1.0724088663755555,1.767528769611876,0.13209203482958967,3.9492412920080824
12,normal,2024-07-22,2024-10-19,60944,1649,R0,50,44,0.3093916730991337,1.0298855036869776,1.6815940617373133,0.13245894299218997,3.9033599579997826
12,normal,2024-07-22,2024-10-19,60944,1649,R0,50,45,0.30611377972578285,1.0338335952193694,1.696452494206378,0.1264419068090743,3.8610444579971954
12,normal,2024-07-22,2024-10-19,60944,1649,R0,50,46,0.3117475153424587,1.0630170831347023,1.7695318062822563,0.13291215426076913,3.872131583004375
12,normal,2024-07-22,2024-10-19,60944,1649,RA_level,51,42,0.3332306710780011,1.1305516507420612,1.8137694519002552,0.12926676994257427,4.0013694999943255
12,normal,2024-07-22,2024-10-19,60944,1649,RA_level,51,43,0.3244896377153346,1.0796630890783463,1.7360757337325745,0.1302981416142424,4.126611416999367
12,normal,2024-07-22,2024-10-19,60944,1649,RA_level,51,44,0.31979984111062326,1.0669940878509694,1.7262071200775346,0.13226082545407816,4.038698459000443
12,normal,2024-07-22,2024-10-19,60944,1649,RA_level,51,45,0.3193293740540798,1.0577373067197267,1.6979192669215821,0.1301636004505896,5.372129709008732
12,normal,2024-07-22,2024-10-19,60944,1649,RA_level,51,46,0.3168963690882401,1.0643023457991505,1.7225827204164685,0.13182685633513877,5.125057249999372
12,normal,2024-07-22,2024-10-19,60944,1649,RA_delta,51,42,0.30830399097210676,1.0195946726378944,1.6867206356629958,0.12761488021231981,4.423036790991318
12,normal,2024-07-22,2024-10-19,60944,1649,RA_delta,51,43,0.3046846557825177,1.0163852014823251,1.6740433272135413,0.13028882023405436,5.157240583997918
12,normal,2024-07-22,2024-10-19,60944,1649,RA_delta,51,44,0.3078594410756514,1.0377628839380066,1.7096250740646874,0.1273056205066887,4.190391875003115
12,normal,2024-07-22,2024-10-19,60944,1649,RA_delta,51,45,0.30871115859581044,1.0273352353965994,1.6867398543841026,0.12493368250805027,4.286544916991261
12,normal,2024-07-22,2024-10-19,60944,1649,RA_delta,51,46,0.3108215075659434,1.0459170270698843,1.726155178946242,0.12974949604557337,5.1942505420011
12,normal,2024-07-22,2024-10-19,60944,1649,RA_both,52,42,0.3124192208346189,1.0555030871767646,1.7276666685724902,0.12893143917581043,4.163016999998945
12,normal,2024-07-22,2024-10-19,60944,1649,RA_both,52,43,0.31080528237089516,1.0425286471999555,1.7022929428030014,0.12836752480152988,4.127860499997041
12,normal,2024-07-22,2024-10-19,60944,1649,RA_both,52,44,0.3058111983291229,1.0097730418380118,1.6487389295828692,0.12618848199849067,4.3904800830059685
12,normal,2024-07-22,2024-10-19,60944,1649,RA_both,52,45,0.322707528703293,1.0841138387832308,1.7464574459693016,0.12929323778360888,4.339041624989477
12,normal,2024-07-22,2024-10-19,60944,1649,RA_both,52,46,0.3124341511693613,1.043314780620442,1.6920848069069376,0.1269521037953465,4.22253129199089
12,normal,2024-07-22,2024-10-19,60944,1649,RAC_full,54,42,0.31177628746623776,1.037827520717195,1.701405735237132,0.12774354584596243,4.642528832991957
12,normal,2024-07-22,2024-10-19,60944,1649,RAC_full,54,43,0.312301453386863,1.0575587916256366,1.7269676689996785,0.1303546873094568,4.546739583995077
12,normal,2024-07-22,2024-10-19,60944,1649,RAC_full,54,44,0.3103597049975047,1.0405037580961138,1.713216246396587,0.12870806385877076,4.497755541000515
12,normal,2024-07-22,2024-10-19,60944,1649,RAC_full,54,45,0.30608066667232786,1.0018724437354658,1.636730937323433,0.13118176195176098,4.914936832996318
12,normal,2024-07-22,2024-10-19,60944,1649,RAC_full,54,46,0.3141766779609839,1.049978031205744,1.7111690360627834,0.13086121467627693,4.771049583010608
13,shock,2024-10-20,2025-01-17,59434,5344,R0,50,42,0.3000811243941768,1.0355079904505768,1.775264015069788,0.45910044615217993,4.802403416993911
13,shock,2024-10-20,2025-01-17,59434,5344,R0,50,43,0.2854163964579,0.9521867510504818,1.5978857545154472,0.45121894133242313,4.348898790995008
13,shock,2024-10-20,2025-01-17,59434,5344,R0,50,44,0.28749361726138484,0.9763031522677111,1.6560036556480036,0.4490903742887098,4.59989729199151
13,shock,2024-10-20,2025-01-17,59434,5344,R0,50,45,0.3077325051455423,1.0140723024171656,1.7505975289051585,0.4724427898469035,4.219295458009583
13,shock,2024-10-20,2025-01-17,59434,5344,R0,50,46,0.2882684932649149,0.9702402318275968,1.6469452376136116,0.4559103598739182,4.226315667008748
13,shock,2024-10-20,2025-01-17,59434,5344,RA_level,51,42,0.2994815195528595,1.0203755007866455,1.7352854785630012,0.4762730365709286,4.265303540989407
13,shock,2024-10-20,2025-01-17,59434,5344,RA_level,51,43,0.2963857791186355,0.9988048775303493,1.6730759018108192,0.46802208712151,4.189439209003467
13,shock,2024-10-20,2025-01-17,59434,5344,RA_level,51,44,0.2938119129254449,1.0014415952955948,1.7143747880442992,0.4576240526023097,4.0859851660061395
13,shock,2024-10-20,2025-01-17,59434,5344,RA_level,51,45,0.29037941182191157,0.9838512711931767,1.6653881783132491,0.4618705326337773,4.205813917011255
13,shock,2024-10-20,2025-01-17,59434,5344,RA_level,51,46,0.3020494479852943,1.0394007134231273,1.7867630054159107,0.458878640878506,4.23370349999459
13,shock,2024-10-20,2025-01-17,59434,5344,RA_delta,51,42,0.2986319609967425,1.024653665537533,1.7583152080094495,0.47930561262963245,4.444353707993287
13,shock,2024-10-20,2025-01-17,59434,5344,RA_delta,51,43,0.28251152919197303,0.9584729629234269,1.6221532379228136,0.458742762065296,4.276654792003683
13,shock,2024-10-20,2025-01-17,59434,5344,RA_delta,51,44,0.29403165910536055,1.0127398086938353,1.7301725055193389,0.4735117734210558,4.258612749996246
13,shock,2024-10-20,2025-01-17,59434,5344,RA_delta,51,45,0.2937231735267119,0.9935319140418218,1.7006604336382054,0.46905831998790043,4.288506582990522
13,shock,2024-10-20,2025-01-17,59434,5344,RA_delta,51,46,0.29286688386264437,0.990989292234875,1.6897670627603392,0.47850227178669086,4.198205084001529
13,shock,2024-10-20,2025-01-17,59434,5344,RA_both,52,42,0.290475094345097,0.9893030128936656,1.675046539012664,0.46440040933588816,4.535872084001312
13,shock,2024-10-20,2025-01-17,59434,5344,RA_both,52,43,0.2892995145440452,0.9758484257097594,1.6497591454050342,0.46897570617370465,4.285014542008867
13,shock,2024-10-20,2025-01-17,59434,5344,RA_both,52,44,0.3016007135915524,1.0069766424161901,1.6999248956743938,0.5031091589733955,4.354841667009168
13,shock,2024-10-20,2025-01-17,59434,5344,RA_both,52,45,0.2980771418798809,1.0186868809401715,1.7338884610859477,0.4774231615139161,4.347137749995454
13,shock,2024-10-20,2025-01-17,59434,5344,RA_both,52,46,0.28772650534006455,0.9798419376521761,1.6766604915653167,0.45844568834283994,4.390639500008547
13,shock,2024-10-20,2025-01-17,59434,5344,RAC_full,54,42,0.2887361330904524,0.9952680715881268,1.711573358995702,0.4555611566191124,4.781360708002467
13,shock,2024-10-20,2025-01-17,59434,5344,RAC_full,54,43,0.2889971621039687,0.9703324577430756,1.6292361619730058,0.4850657872088661,4.620644082999206
13,shock,2024-10-20,2025-01-17,59434,5344,RAC_full,54,44,0.2866674374616894,0.9683187621810754,1.638916082536561,0.4803153387189483,4.675709709001239
13,shock,2024-10-20,2025-01-17,59434,5344,RAC_full,54,45,0.29090781705275875,0.985959545577421,1.6734867361797408,0.49353451041881685,5.593120916993939
13,shock,2024-10-20,2025-01-17,59434,5344,RAC_full,54,46,0.3001400306074027,1.0158577375553859,1.7325804625223518,0.5157919143474518,6.304525624989765
14,normal,2025-01-18,2025-04-17,57318,4239,R0,50,42,0.36191118909925846,1.211992349555604,1.9510571377692763,0.36907029004063346,5.0468909589981195
14,normal,2025-01-18,2025-04-17,57318,4239,R0,50,43,0.35355136071122667,1.1655661097929737,1.8391589241159176,0.36910647745488834,4.949777749992791
14,normal,2025-01-18,2025-04-17,57318,4239,R0,50,44,0.3695365719611791,1.2411159513335412,1.9895084835609143,0.3810221979899964,4.47967066700221
14,normal,2025-01-18,2025-04-17,57318,4239,R0,50,45,0.36174580900236736,1.195056342847016,1.899440359453318,0.37082347040264263,4.648389584006509
14,normal,2025-01-18,2025-04-17,57318,4239,R0,50,46,0.3600447210185441,1.1894500092694533,1.8862025176453687,0.3650510662842396,4.5874229579931125
14,normal,2025-01-18,2025-04-17,57318,4239,RA_level,51,42,0.3567570885905952,1.1755085773690772,1.8695222497228685,0.3714454716320352,4.603096624996397
14,normal,2025-01-18,2025-04-17,57318,4239,RA_level,51,43,0.35837932458015537,1.1693013449877172,1.8365279486167982,0.3769858181565463,4.50622475000273
14,normal,2025-01-18,2025-04-17,57318,4239,RA_level,51,44,0.34948821266434255,1.1402605315044163,1.802881182944617,0.364958449795214,4.575206334004179
14,normal,2025-01-18,2025-04-17,57318,4239,RA_level,51,45,0.3510675345985605,1.1422827009415195,1.8013237152099457,0.369682071789485,4.49617058300646
14,normal,2025-01-18,2025-04-17,57318,4239,RA_level,51,46,0.3597933206064368,1.1907068961478655,1.8940179033769933,0.3715078439415401,4.609489499998745
14,normal,2025-01-18,2025-04-17,57318,4239,RA_delta,51,42,0.3661669548212293,1.2045983065038925,1.9103005149895247,0.37747401930979385,4.87557391700102
14,normal,2025-01-18,2025-04-17,57318,4239,RA_delta,51,43,0.37443823859129705,1.2664663887694205,2.0304805276570033,0.3695381307840551,4.999324374992284
14,normal,2025-01-18,2025-04-17,57318,4239,RA_delta,51,44,0.3605346434698294,1.1998737355529505,1.9178646074850465,0.36836512126880333,4.569690709002316
14,normal,2025-01-18,2025-04-17,57318,4239,RA_delta,51,45,0.3682995966394542,1.2324447985949818,1.9638634375051198,0.38009603758209803,4.725754832994426
14,normal,2025-01-18,2025-04-17,57318,4239,RA_delta,51,46,0.37209780786526286,1.2524230373136327,1.997435676550795,0.3760523919183997,4.368706166991615
14,normal,2025-01-18,2025-04-17,57318,4239,RA_both,52,42,0.36358138452200905,1.2143289803939086,1.9575131917422244,0.3752380875342424,4.658486790998722
14,normal,2025-01-18,2025-04-17,57318,4239,RA_both,52,43,0.3649808181651369,1.2178531753437847,1.9395275838714745,0.3706502306565955,4.8703701670019655
14,normal,2025-01-18,2025-04-17,57318,4239,RA_both,52,44,0.3565970040419928,1.1717806741517898,1.8547203689067626,0.3616177367360772,5.228220749995671
14,normal,2025-01-18,2025-04-17,57318,4239,RA_both,52,45,0.36618900847855407,1.205846618936824,1.898067339920831,0.37850872077504416,4.892381666999427
14,normal,2025-01-18,2025-04-17,57318,4239,RA_both,52,46,0.35323907022654977,1.17648625579792,1.8801784086925508,0.3616008880000402,4.769542583002476
14,normal,2025-01-18,2025-04-17,57318,4239,RAC_full,54,42,0.3526910536174101,1.159251827955165,1.8413331432231748,0.3723676911776199,4.897700542001985
14,normal,2025-01-18,2025-04-17,57318,4239,RAC_full,54,43,0.3528124090284109,1.1453404456942804,1.7926218048351779,0.36643397180394616,5.15085070799978
14,normal,2025-01-18,2025-04-17,57318,4239,RAC_full,54,44,0.35690683172525317,1.1962020650398622,1.9259212361001046,0.36777766350881297,4.649067417005426
14,normal,2025-01-18,2025-04-17,57318,4239,RAC_full,54,45,0.35417352245903166,1.1865526770972736,1.9073490798147412,0.3651539280360968,4.527211374996114
14,normal,2025-01-18,2025-04-17,57318,4239,RAC_full,54,46,0.3613481526965776,1.2243094395708627,1.980357425047407,0.37016480277134006,4.554735084006097
