cadence,tau,fold,val_start,val_end,model_cpl,n_fills
7,0.05,1,2021-11-05,2022-02-02,168.72833333333332,51
7,0.05,2,2022-02-03,2022-05-03,178.75538461538463,55
7,0.05,3,2022-05-04,2022-08-01,196.12923076923076,53
7,0.05,4,2022-08-02,2022-10-30,175.753125,56
7,0.05,5,2022-10-31,2023-01-28,188.87846153846155,56
7,0.05,6,2023-01-29,2023-04-28,190.21904761904761,55
7,0.05,7,2023-04-29,2023-07-27,180.61333333333334,56
7,0.05,8,2023-07-28,2023-10-25,200.9523076923077,56
7,0.05,9,2023-10-26,2024-01-23,198.97076923076924,55
7,0.05,10,2024-01-24,2024-04-22,205.73,51
7,0.05,11,2024-04-23,2024-07-21,206.14,50
7,0.05,12,2024-07-22,2024-10-19,186.3063492063492,50
7,0.05,13,2024-10-20,2025-01-17,189.40769230769232,58
7,0.05,14,2025-01-18,2025-04-17,190.39375,54
7,0.1,1,2021-11-05,2022-02-02,168.695,51
7,0.1,2,2022-02-03,2022-05-03,177.3734375,53
7,0.1,3,2022-05-04,2022-08-01,197.73538461538462,54
7,0.1,4,2022-08-02,2022-10-30,175.4875,56
7,0.1,5,2022-10-31,2023-01-28,188.47538461538463,56
7,0.1,6,2023-01-29,2023-04-28,190.28870967741935,53
7,0.1,7,2023-04-29,2023-07-27,180.33666666666667,56
7,0.1,8,2023-07-28,2023-10-25,201.340625,56
7,0.1,9,2023-10-26,2024-01-23,200.32903225806453,57
7,0.1,10,2024-01-24,2024-04-22,205.63,51
7,0.1,11,2024-04-23,2024-07-21,205.15666666666667,50
7,0.1,12,2024-07-22,2024-10-19,186.06129032258065,50
7,0.1,13,2024-10-20,2025-01-17,189.33384615384617,58
7,0.1,14,2025-01-18,2025-04-17,190.33125,54
7,0.15,1,2021-11-05,2022-02-02,168.56166666666667,51
7,0.15,2,2022-02-03,2022-05-03,177.22222222222223,51
7,0.15,3,2022-05-04,2022-08-01,197.5046153846154,53
7,0.15,4,2022-08-02,2022-10-30,175.3625,55
7,0.15,5,2022-10-31,2023-01-28,188.02923076923076,54
7,0.15,6,2023-01-29,2023-04-28,190.15967741935484,55
7,0.15,7,2023-04-29,2023-07-27,180.23666666666668,53
7,0.15,8,2023-07-28,2023-10-25,203.4225806451613,57
7,0.15,9,2023-10-26,2024-01-23,200.4344262295082,57
7,0.15,10,2024-01-24,2024-04-22,205.44333333333333,52
7,0.15,11,2024-04-23,2024-07-21,205.45666666666668,52
7,0.15,12,2024-07-22,2024-10-19,185.56333333333333,50
7,0.15,13,2024-10-20,2025-01-17,189.1646153846154,58
7,0.15,14,2025-01-18,2025-04-17,190.3,54
7,0.2,1,2021-11-05,2022-02-02,168.56166666666667,51
7,0.2,2,2022-02-03,2022-05-03,177.26507936507937,50
7,0.2,3,2022-05-04,2022-08-01,197.31692307692308,53
7,0.2,4,2022-08-02,2022-10-30,174.659375,54
7,0.2,5,2022-10-31,2023-01-28,187.56,54
7,0.2,6,2023-01-29,2023-04-28,190.0655737704918,55
7,0.2,7,2023-04-29,2023-07-27,179.64,52
7,0.2,8,2023-07-28,2023-10-25,204.0193548387097,58
7,0.2,9,2023-10-26,2024-01-23,200.4344262295082,57
7,0.2,10,2024-01-24,2024-04-22,207.37666666666667,55
7,0.2,11,2024-04-23,2024-07-21,205.04,52
7,0.2,12,2024-07-22,2024-10-19,184.86333333333334,50
7,0.2,13,2024-10-20,2025-01-17,188.80153846153846,56
7,0.2,14,2025-01-18,2025-04-17,190.20625,55
7,0.25,1,2021-11-05,2022-02-02,168.56166666666667,51
7,0.25,2,2022-02-03,2022-05-03,176.84032258064516,50
7,0.25,3,2022-05-04,2022-08-01,197.9323076923077,54
7,0.25,4,2022-08-02,2022-10-30,174.659375,54
7,0.25,5,2022-10-31,2023-01-28,187.0859375,53
7,0.25,6,2023-01-29,2023-04-28,190.0655737704918,55
7,0.25,7,2023-04-29,2023-07-27,179.64,52
7,0.25,8,2023-07-28,2023-10-25,204.57666666666665,58
7,0.25,9,2023-10-26,2024-01-23,200.4344262295082,57
7,0.25,10,2024-01-24,2024-04-22,207.37666666666667,55
7,0.25,11,2024-04-23,2024-07-21,204.87333333333333,52
7,0.25,12,2024-07-22,2024-10-19,184.86333333333334,50
7,0.25,13,2024-10-20,2025-01-17,189.03230769230768,56
7,0.25,14,2025-01-18,2025-04-17,190.20625,55
7,0.3,1,2021-11-05,2022-02-02,168.56166666666667,51
7,0.3,2,2022-02-03,2022-05-03,176.6295081967213,49
7,0.3,3,2022-05-04,2022-08-01,199.09230769230768,56
7,0.3,4,2022-08-02,2022-10-30,174.425,52
7,0.3,5,2022-10-31,2023-01-28,187.2,55
7,0.3,6,2023-01-29,2023-04-28,190.0327868852459,55
7,0.3,7,2023-04-29,2023-07-27,179.64,52
7,0.3,8,2023-07-28,2023-10-25,204.57666666666665,58
7,0.3,9,2023-10-26,2024-01-23,200.4344262295082,57
7,0.3,10,2024-01-24,2024-04-22,207.37666666666667,55
7,0.3,11,2024-04-23,2024-07-21,205.25666666666666,53
7,0.3,12,2024-07-22,2024-10-19,184.86333333333334,50
7,0.3,13,2024-10-20,2025-01-17,189.05,56
7,0.3,14,2025-01-18,2025-04-17,190.4741935483871,55
7,0.35,1,2021-11-05,2022-02-02,168.55333333333334,50
7,0.35,2,2022-02-03,2022-05-03,176.6295081967213,50
7,0.35,3,2022-05-04,2022-08-01,199.34153846153845,57
7,0.35,4,2022-08-02,2022-10-30,174.425,53
7,0.35,5,2022-10-31,2023-01-28,187.2,55
7,0.35,6,2023-01-29,2023-04-28,190.23833333333334,55
7,0.35,7,2023-04-29,2023-07-27,179.52333333333334,51
7,0.35,8,2023-07-28,2023-10-25,204.57666666666665,58
7,0.35,9,2023-10-26,2024-01-23,200.4344262295082,57
7,0.35,10,2024-01-24,2024-04-22,207.37666666666667,55
7,0.35,11,2024-04-23,2024-07-21,205.25666666666666,53
7,0.35,12,2024-07-22,2024-10-19,184.86333333333334,50
7,0.35,13,2024-10-20,2025-01-17,189.64375,55
7,0.35,14,2025-01-18,2025-04-17,190.44193548387096,55
7,0.4,1,2021-11-05,2022-02-02,168.55333333333334,50
7,0.4,2,2022-02-03,2022-05-03,176.6295081967213,50
7,0.4,3,2022-05-04,2022-08-01,200.1723076923077,59
7,0.4,4,2022-08-02,2022-10-30,174.1888888888889,51
7,0.4,5,2022-10-31,2023-01-28,187.12063492063493,55
7,0.4,6,2023-01-29,2023-04-28,190.73833333333334,56
7,0.4,7,2023-04-29,2023-07-27,179.14333333333335,50
7,0.4,8,2023-07-28,2023-10-25,204.57666666666665,58
7,0.4,9,2023-10-26,2024-01-23,200.4344262295082,57
7,0.4,10,2024-01-24,2024-04-22,207.37666666666667,55
7,0.4,11,2024-04-23,2024-07-21,205.25666666666666,53
7,0.4,12,2024-07-22,2024-10-19,184.36666666666667,50
7,0.4,13,2024-10-20,2025-01-17,189.65555555555557,55
7,0.4,14,2025-01-18,2025-04-17,190.40967741935484,55
7,0.5,1,2021-11-05,2022-02-02,168.32,50
7,0.5,2,2022-02-03,2022-05-03,177.84590163934425,54
7,0.5,3,2022-05-04,2022-08-01,200.03692307692307,59
7,0.5,4,2022-08-02,2022-10-30,177.45573770491802,57
7,0.5,5,2022-10-31,2023-01-28,188.9015873015873,60
7,0.5,6,2023-01-29,2023-04-28,191.76166666666666,56
7,0.5,7,2023-04-29,2023-07-27,179.21333333333334,51
7,0.5,8,2023-07-28,2023-10-25,205.29333333333332,59
7,0.5,9,2023-10-26,2024-01-23,200.94262295081967,57
7,0.5,10,2024-01-24,2024-04-22,208.91,57
7,0.5,11,2024-04-23,2024-07-21,204.99,52
7,0.5,12,2024-07-22,2024-10-19,184.18333333333334,50
7,0.5,13,2024-10-20,2025-01-17,190.43770491803278,56
7,0.5,14,2025-01-18,2025-04-17,191.40967741935484,56
7,0.6,1,2021-11-05,2022-02-02,172.41,58
7,0.6,2,2022-02-03,2022-05-03,178.9606557377049,57
7,0.6,3,2022-05-04,2022-08-01,201.2016129032258,59
7,0.6,4,2022-08-02,2022-10-30,178.08166666666668,59
7,0.6,5,2022-10-31,2023-01-28,189.52786885245902,60
7,0.6,6,2023-01-29,2023-04-28,192.445,58
7,0.6,7,2023-04-29,2023-07-27,180.53,54
7,0.6,8,2023-07-28,2023-10-25,205.93,60
7,0.6,9,2023-10-26,2024-01-23,200.87704918032787,57
7,0.6,10,2024-01-24,2024-04-22,211.08,60
7,0.6,11,2024-04-23,2024-07-21,205.32333333333332,53
7,0.6,12,2024-07-22,2024-10-19,183.4,50
7,0.6,13,2024-10-20,2025-01-17,190.53,56
7,0.6,14,2025-01-18,2025-04-17,192.6032258064516,58
7,0.7,1,2021-11-05,2022-02-02,173.34333333333333,60
7,0.7,2,2022-02-03,2022-05-03,180.52833333333334,60
7,0.7,3,2022-05-04,2022-08-01,201.28166666666667,60
7,0.7,4,2022-08-02,2022-10-30,178.79833333333335,60
7,0.7,5,2022-10-31,2023-01-28,189.99666666666667,60
7,0.7,6,2023-01-29,2023-04-28,194.93666666666667,60
7,0.7,7,2023-04-29,2023-07-27,180.48333333333332,53
7,0.7,8,2023-07-28,2023-10-25,205.93,60
7,0.7,9,2023-10-26,2024-01-23,202.00819672131146,59
7,0.7,10,2024-01-24,2024-04-22,211.08,60
7,0.7,11,2024-04-23,2024-07-21,206.32666666666665,55
7,0.7,12,2024-07-22,2024-10-19,183.40333333333334,51
7,0.7,13,2024-10-20,2025-01-17,190.53,56
7,0.7,14,2025-01-18,2025-04-17,193.86129032258066,58
7,0.8,1,2021-11-05,2022-02-02,173.34333333333333,60
7,0.8,2,2022-02-03,2022-05-03,180.52833333333334,60
7,0.8,3,2022-05-04,2022-08-01,201.28166666666667,60
7,0.8,4,2022-08-02,2022-10-30,178.79833333333335,60
7,0.8,5,2022-10-31,2023-01-28,189.99666666666667,60
7,0.8,6,2023-01-29,2023-04-28,194.93666666666667,60
7,0.8,7,2023-04-29,2023-07-27,183.56666666666666,60
7,0.8,8,2023-07-28,2023-10-25,205.93,60
7,0.8,9,2023-10-26,2024-01-23,204.11,60
7,0.8,10,2024-01-24,2024-04-22,213.13,60
7,0.8,11,2024-04-23,2024-07-21,208.80666666666667,60
7,0.8,12,2024-07-22,2024-10-19,189.41,60
7,0.8,13,2024-10-20,2025-01-17,193.42,60
7,0.8,14,2025-01-18,2025-04-17,195.91,60
2,0.05,1,2021-11-05,2022-02-02,167.8672853828307,121
2,0.05,2,2022-02-03,2022-05-03,177.8664543524415,153
2,0.05,3,2022-05-04,2022-08-01,195.11305263157885,140
2,0.05,4,2022-08-02,2022-10-30,175.11645021645018,161
2,0.05,5,2022-10-31,2023-01-28,188.23452631578948,150
2,0.05,6,2023-01-29,2023-04-28,189.39747368421055,118
2,0.05,7,2023-04-29,2023-07-27,179.945,155
2,0.05,8,2023-07-28,2023-10-25,199.1808421052631,104
2,0.05,9,2023-10-26,2024-01-23,197.8818947368421,99
2,0.05,10,2024-01-24,2024-04-22,203.78251748251745,101
2,0.05,11,2024-04-23,2024-07-21,205.22904761904763,120
2,0.05,12,2024-07-22,2024-10-19,186.02505263157894,135
2,0.05,13,2024-10-20,2025-01-17,186.75557894736835,118
2,0.05,14,2025-01-18,2025-04-17,189.75586353944558,121
2,0.1,1,2021-11-05,2022-02-02,167.65800464037127,118
2,0.1,2,2022-02-03,2022-05-03,177.49617834394894,141
2,0.1,3,2022-05-04,2022-08-01,194.932842105263,134
2,0.1,4,2022-08-02,2022-10-30,174.66637554585145,153
2,0.1,5,2022-10-31,2023-01-28,187.93873684210524,142
2,0.1,6,2023-01-29,2023-04-28,189.1770386266095,110
2,0.1,7,2023-04-29,2023-07-27,179.38149882903986,149
2,0.1,8,2023-07-28,2023-10-25,200.558747300216,89
2,0.1,9,2023-10-26,2024-01-23,196.77831578947368,91
2,0.1,10,2024-01-24,2024-04-22,203.51585081585077,94
2,0.1,11,2024-04-23,2024-07-21,204.22190476190477,112
2,0.1,12,2024-07-22,2024-10-19,185.4077894736842,127
2,0.1,13,2024-10-20,2025-01-17,187.6082105263157,112
2,0.1,14,2025-01-18,2025-04-17,188.99381663113002,115
2,0.15,1,2021-11-05,2022-02-02,167.63104265402848,116
2,0.15,2,2022-02-03,2022-05-03,177.3836518046708,130
2,0.15,3,2022-05-04,2022-08-01,195.56442105263147,126
2,0.15,4,2022-08-02,2022-10-30,174.29432314410477,143
2,0.15,5,2022-10-31,2023-01-28,187.41932059447987,132
2,0.15,6,2023-01-29,2023-04-28,189.15107758620692,102
2,0.15,7,2023-04-29,2023-07-27,179.1740046838408,143
2,0.15,8,2023-07-28,2023-10-25,201.40782608695653,77
2,0.15,9,2023-10-26,2024-01-23,196.46926315789472,86
2,0.15,10,2024-01-24,2024-04-22,203.6463869463869,88
2,0.15,11,2024-04-23,2024-07-21,203.76,106
2,0.15,12,2024-07-22,2024-10-19,184.8890590809628,117
2,0.15,13,2024-10-20,2025-01-17,187.54084210526312,109
2,0.15,14,2025-01-18,2025-04-17,188.65138592750532,112
2,0.2,1,2021-11-05,2022-02-02,167.59786729857825,112
2,0.2,2,2022-02-03,2022-05-03,176.88258064516114,122
2,0.2,3,2022-05-04,2022-08-01,195.1362105263157,118
2,0.2,4,2022-08-02,2022-10-30,173.84199134199127,134
2,0.2,5,2022-10-31,2023-01-28,187.0430997876858,117
2,0.2,6,2023-01-29,2023-04-28,188.93638344226582,95
2,0.2,7,2023-04-29,2023-07-27,178.7932084309134,131
2,0.2,8,2023-07-28,2023-10-25,201.37177242888404,75
2,0.2,9,2023-10-26,2024-01-23,196.38505263157893,84
2,0.2,10,2024-01-24,2024-04-22,203.1918414918415,78
2,0.2,11,2024-04-23,2024-07-21,203.0247619047619,99
2,0.2,12,2024-07-22,2024-10-19,184.08512035010943,109
2,0.2,13,2024-10-20,2025-01-17,187.37621052631576,102
2,0.2,14,2025-01-18,2025-04-17,187.94136460554373,104
2,0.25,1,2021-11-05,2022-02-02,167.4651658767773,112
2,0.25,2,2022-02-03,2022-05-03,176.54030501089312,112
2,0.25,3,2022-05-04,2022-08-01,195.3025263157894,113
2,0.25,4,2022-08-02,2022-10-30,173.52683982683973,131
2,0.25,5,2022-10-31,2023-01-28,186.49957264957263,108
2,0.25,6,2023-01-29,2023-04-28,189.09441964285716,93
2,0.25,7,2023-04-29,2023-07-27,178.7932084309134,130
2,0.25,8,2023-07-28,2023-10-25,201.2929978118162,73
2,0.25,9,2023-10-26,2024-01-23,196.31052631578945,84
2,0.25,10,2024-01-24,2024-04-22,203.73449883449885,76
2,0.25,11,2024-04-23,2024-07-21,203.56919431279624,99
2,0.25,12,2024-07-22,2024-10-19,184.13228699551573,106
2,0.25,13,2024-10-20,2025-01-17,187.5298947368421,98
2,0.25,14,2025-01-18,2025-04-17,187.78997867803838,99
2,0.3,1,2021-11-05,2022-02-02,167.4651658767773,111
2,0.3,2,2022-02-03,2022-05-03,176.36980306345723,106
2,0.3,3,2022-05-04,2022-08-01,195.75094736842098,108
2,0.3,4,2022-08-02,2022-10-30,172.54043478260863,123
2,0.3,5,2022-10-31,2023-01-28,186.40652173913043,97
2,0.3,6,2023-01-29,2023-04-28,189.05743243243245,89
2,0.3,7,2023-04-29,2023-07-27,178.4358313817331,126
2,0.3,8,2023-07-28,2023-10-25,201.6416091954023,70
2,0.3,9,2023-10-26,2024-01-23,196.46421052631578,82
2,0.3,10,2024-01-24,2024-04-22,204.36573426573426,77
2,0.3,11,2024-04-23,2024-07-21,203.19715639810428,97
2,0.3,12,2024-07-22,2024-10-19,183.96188340807177,104
2,0.3,13,2024-10-20,2025-01-17,187.49621052631576,96
2,0.3,14,2025-01-18,2025-04-17,187.7396588486141,96
2,0.35,1,2021-11-05,2022-02-02,167.4668246445498,109
2,0.35,2,2022-02-03,2022-05-03,176.3191208791208,100
2,0.35,3,2022-05-04,2022-08-01,195.77663157894727,101
2,0.35,4,2022-08-02,2022-10-30,172.43624454148463,120
2,0.35,5,2022-10-31,2023-01-28,186.0238512035011,95
2,0.35,6,2023-01-29,2023-04-28,188.8687927107062,85
2,0.35,7,2023-04-29,2023-07-27,178.1730679156909,117
2,0.35,8,2023-07-28,2023-10-25,202.41402298850576,71
2,0.35,9,2023-10-26,2024-01-23,196.51052631578946,80
2,0.35,10,2024-01-24,2024-04-22,205.19370629370633,77
2,0.35,11,2024-04-23,2024-07-21,203.06682464454977,96
2,0.35,12,2024-07-22,2024-10-19,184.2877358490566,97
2,0.35,13,2024-10-20,2025-01-17,187.3294736842105,90
2,0.35,14,2025-01-18,2025-04-17,187.58742004264397,93
2,0.4,1,2021-11-05,2022-02-02,167.422037914692,107
2,0.4,2,2022-02-03,2022-05-03,176.03164835164827,97
2,0.4,3,2022-05-04,2022-08-01,195.78589473684198,97
2,0.4,4,2022-08-02,2022-10-30,172.32358078602616,112
2,0.4,5,2022-10-31,2023-01-28,185.96862745098042,93
2,0.4,6,2023-01-29,2023-04-28,189.1492990654206,81
2,0.4,7,2023-04-29,2023-07-27,177.9632318501171,112
2,0.4,8,2023-07-28,2023-10-25,205.1358490566038,71
2,0.4,9,2023-10-26,2024-01-23,198.22671081677706,78
2,0.4,10,2024-01-24,2024-04-22,205.83706293706297,76
2,0.4,11,2024-04-23,2024-07-21,202.84786729857822,93
2,0.4,12,2024-07-22,2024-10-19,183.7570754716981,94
2,0.4,13,2024-10-20,2025-01-17,187.26000000000002,89
2,0.4,14,2025-01-18,2025-04-17,187.5575692963753,92
2,0.5,1,2021-11-05,2022-02-02,166.97274881516594,94
2,0.5,2,2022-02-03,2022-05-03,176.51296703296694,86
2,0.5,3,2022-05-04,2022-08-01,197.2987368421052,92
2,0.5,4,2022-08-02,2022-10-30,171.69890350877193,90
2,0.5,5,2022-10-31,2023-01-28,185.65560439560437,80
2,0.5,6,2023-01-29,2023-04-28,190.35919811320753,73
2,0.5,7,2023-04-29,2023-07-27,177.13247058823535,102
2,0.5,8,2023-07-28,2023-10-25,205.05497630331757,70
2,0.5,9,2023-10-26,2024-01-23,199.67466063348417,75
2,0.5,10,2024-01-24,2024-04-22,205.818414918415,72
2,0.5,11,2024-04-23,2024-07-21,202.442654028436,84
2,0.5,12,2024-07-22,2024-10-19,183.0504716981132,89
2,0.5,13,2024-10-20,2025-01-17,187.01494736842108,83
2,0.5,14,2025-01-18,2025-04-17,187.68848614072496,87
2,0.6,1,2021-11-05,2022-02-02,170.57298578199055,69
2,0.6,2,2022-02-03,2022-05-03,177.6720879120879,85
2,0.6,3,2022-05-04,2022-08-01,198.53368421052636,82
2,0.6,4,2022-08-02,2022-10-30,173.15022727272728,71
2,0.6,5,2022-10-31,2023-01-28,185.48307692307696,76
2,0.6,6,2023-01-29,2023-04-28,191.21418604651166,72
2,0.6,7,2023-04-29,2023-07-27,177.07652582159628,94
2,0.6,8,2023-07-28,2023-10-25,206.18285714285716,70
2,0.6,9,2023-10-26,2024-01-23,200.80116009280744,74
2,0.6,10,2024-01-24,2024-04-22,206.7028235294118,71
2,0.6,11,2024-04-23,2024-07-21,202.78274231678492,79
2,0.6,12,2024-07-22,2024-10-19,182.44150943396227,83
2,0.6,13,2024-10-20,2025-01-17,187.82068965517246,78
2,0.6,14,2025-01-18,2025-04-17,188.38716814159295,80
2,0.7,1,2021-11-05,2022-02-02,172.3185714285715,70
2,0.7,2,2022-02-03,2022-05-03,179.9242857142857,70
2,0.7,3,2022-05-04,2022-08-01,200.82000000000002,70
2,0.7,4,2022-08-02,2022-10-30,177.1185714285714,70
2,0.7,5,2022-10-31,2023-01-28,189.04142857142858,70
2,0.7,6,2023-01-29,2023-04-28,195.4571428571429,70
2,0.7,7,2023-04-29,2023-07-27,177.41168224299068,84
2,0.7,8,2023-07-28,2023-10-25,206.18285714285716,70
2,0.7,9,2023-10-26,2024-01-23,202.05477855477858,74
2,0.7,10,2024-01-24,2024-04-22,207.05233644859814,71
2,0.7,11,2024-04-23,2024-07-21,203.34496487119438,73
2,0.7,12,2024-07-22,2024-10-19,181.75849056603772,76
2,0.7,13,2024-10-20,2025-01-17,188.4080459770115,74
2,0.7,14,2025-01-18,2025-04-17,190.0137168141593,76
2,0.8,1,2021-11-05,2022-02-02,172.3185714285715,70
2,0.8,2,2022-02-03,2022-05-03,179.9242857142857,70
2,0.8,3,2022-05-04,2022-08-01,200.82000000000002,70
2,0.8,4,2022-08-02,2022-10-30,177.1185714285714,70
2,0.8,5,2022-10-31,2023-01-28,189.04142857142858,70
2,0.8,6,2023-01-29,2023-04-28,195.4571428571429,70
2,0.8,7,2023-04-29,2023-07-27,183.10000000000002,70
2,0.8,8,2023-07-28,2023-10-25,206.18285714285716,70
2,0.8,9,2023-10-26,2024-01-23,205.08857142857144,70
2,0.8,10,2024-01-24,2024-04-22,213.09428571428572,70
2,0.8,11,2024-04-23,2024-07-21,208.56285714285715,70
2,0.8,12,2024-07-22,2024-10-19,189.55714285714288,70
2,0.8,13,2024-10-20,2025-01-17,192.67714285714288,70
2,0.8,14,2025-01-18,2025-04-17,195.97714285714292,70
1,0.05,1,2021-11-05,2022-02-02,168.12870159453314,217
1,0.05,2,2022-02-03,2022-05-03,177.93699788583544,288
1,0.05,3,2022-05-04,2022-08-01,195.05625000000026,254
1,0.05,4,2022-08-02,2022-10-30,175.22948717948745,309
1,0.05,5,2022-10-31,2023-01-28,188.47020833333372,278
1,0.05,6,2023-01-29,2023-04-28,189.31062500000027,202
1,0.05,7,2023-04-29,2023-07-27,179.71494505494528,290
1,0.05,8,2023-07-28,2023-10-25,198.76108786610888,166
1,0.05,9,2023-10-26,2024-01-23,197.86409185803774,155
1,0.05,10,2024-01-24,2024-04-22,203.5827272727274,161
1,0.05,11,2024-04-23,2024-07-21,206.07511111111126,216
1,0.05,12,2024-07-22,2024-10-19,186.30083333333357,252
1,0.05,13,2024-10-20,2025-01-17,186.3162500000002,200
1,0.05,14,2025-01-18,2025-04-17,189.68322851153064,209
1,0.1,1,2021-11-05,2022-02-02,167.95102505694774,209
1,0.1,2,2022-02-03,2022-05-03,177.38604651162822,259
1,0.1,3,2022-05-04,2022-08-01,194.80333333333363,235
1,0.1,4,2022-08-02,2022-10-30,174.82301075268845,293
1,0.1,5,2022-10-31,2023-01-28,188.07995824634693,260
1,0.1,6,2023-01-29,2023-04-28,188.81520833333354,180
1,0.1,7,2023-04-29,2023-07-27,179.52907488986799,280
1,0.1,8,2023-07-28,2023-10-25,199.99246861924686,135
1,0.1,9,2023-10-26,2024-01-23,196.924217118998,137
1,0.1,10,2024-01-24,2024-04-22,204.01136363636377,150
1,0.1,11,2024-04-23,2024-07-21,204.7902325581397,194
1,0.1,12,2024-07-22,2024-10-19,185.29875000000015,228
1,0.1,13,2024-10-20,2025-01-17,185.96833333333348,180
1,0.1,14,2025-01-18,2025-04-17,189.1607966457025,198
1,0.15,1,2021-11-05,2022-02-02,167.72687927107074,203
1,0.15,2,2022-02-03,2022-05-03,177.33023255813978,235
1,0.15,3,2022-05-04,2022-08-01,195.13041666666692,223
1,0.15,4,2022-08-02,2022-10-30,174.47892473118304,276
1,0.15,5,2022-10-31,2023-01-28,187.5951781970653,239
1,0.15,6,2023-01-29,2023-04-28,188.86446808510655,163
1,0.15,7,2023-04-29,2023-07-27,178.967741935484,263
1,0.15,8,2023-07-28,2023-10-25,199.74560669456068,108
1,0.15,9,2023-10-26,2024-01-23,196.44405010438422,123
1,0.15,10,2024-01-24,2024-04-22,203.83136363636368,129
1,0.15,11,2024-04-23,2024-07-21,204.33209302325594,183
1,0.15,12,2024-07-22,2024-10-19,184.24333333333345,206
1,0.15,13,2024-10-20,2025-01-17,185.8891666666668,164
1,0.15,14,2025-01-18,2025-04-17,188.40230607966475,188
1,0.2,1,2021-11-05,2022-02-02,167.64617169373565,191
1,0.2,2,2022-02-03,2022-05-03,177.04615384615408,218
1,0.2,3,2022-05-04,2022-08-01,194.57000000000025,202
1,0.2,4,2022-08-02,2022-10-30,174.12332613390947,245
1,0.2,5,2022-10-31,2023-01-28,187.23052631578975,207
1,0.2,6,2023-01-29,2023-04-28,188.66326963906593,140
1,0.2,7,2023-04-29,2023-07-27,178.67188940092177,240
1,0.2,8,2023-07-28,2023-10-25,199.6652719665272,97
1,0.2,9,2023-10-26,2024-01-23,196.27870563674327,115
1,0.2,10,2024-01-24,2024-04-22,203.64545454545458,106
1,0.2,11,2024-04-23,2024-07-21,203.279069767442,165
1,0.2,12,2024-07-22,2024-10-19,184.00173160173173,189
1,0.2,13,2024-10-20,2025-01-17,185.83250000000007,152
1,0.2,14,2025-01-18,2025-04-17,187.99140461215947,174
1,0.25,1,2021-11-05,2022-02-02,167.42343387471013,190
1,0.25,2,2022-02-03,2022-05-03,176.6747300215985,200
1,0.25,3,2022-05-04,2022-08-01,195.01125000000016,191
1,0.25,4,2022-08-02,2022-10-30,173.79762419006497,239
1,0.25,5,2022-10-31,2023-01-28,186.78187633262283,185
1,0.25,6,2023-01-29,2023-04-28,188.66413043478272,135
1,0.25,7,2023-04-29,2023-07-27,178.5820276497697,235
1,0.25,8,2023-07-28,2023-10-25,199.6966173361522,88
1,0.25,9,2023-10-26,2024-01-23,196.06617954070984,112
1,0.25,10,2024-01-24,2024-04-22,203.90272727272728,96
1,0.25,11,2024-04-23,2024-07-21,203.0813953488373,161
1,0.25,12,2024-07-22,2024-10-19,183.87835497835508,185
1,0.25,13,2024-10-20,2025-01-17,187.06791666666675,146
1,0.25,14,2025-01-18,2025-04-17,187.9930817610064,169
1,0.3,1,2021-11-05,2022-02-02,167.42343387471013,189
1,0.3,2,2022-02-03,2022-05-03,176.41490280777558,191
1,0.3,3,2022-05-04,2022-08-01,195.08583333333354,174
1,0.3,4,2022-08-02,2022-10-30,173.08758029978603,221
1,0.3,5,2022-10-31,2023-01-28,186.57206823027732,161
1,0.3,6,2023-01-29,2023-04-28,188.73674832962146,127
1,0.3,7,2023-04-29,2023-07-27,178.46221198156695,227
1,0.3,8,2023-07-28,2023-10-25,200.6575371549893,87
1,0.3,9,2023-10-26,2024-01-23,196.0745302713988,111
1,0.3,10,2024-01-24,2024-04-22,204.28818181818178,95
1,0.3,11,2024-04-23,2024-07-21,203.25172413793112,156
1,0.3,12,2024-07-22,2024-10-19,183.3285714285715,177
1,0.3,13,2024-10-20,2025-01-17,187.00958333333344,144
1,0.3,14,2025-01-18,2025-04-17,187.94025157232713,161
1,0.35,1,2021-11-05,2022-02-02,167.42482598607904,187
1,0.35,2,2022-02-03,2022-05-03,176.3616052060739,175
1,0.35,3,2022-05-04,2022-08-01,195.45875000000018,158
1,0.35,4,2022-08-02,2022-10-30,172.82489270386282,215
1,0.35,5,2022-10-31,2023-01-28,186.09316239316254,147
1,0.35,6,2023-01-29,2023-04-28,188.5384269662922,119
1,0.35,7,2023-04-29,2023-07-27,178.04838709677432,205
1,0.35,8,2023-07-28,2023-10-25,200.4970212765957,81
1,0.35,9,2023-10-26,2024-01-23,195.97849686847607,107
1,0.35,10,2024-01-24,2024-04-22,205.21681818181816,94
1,0.35,11,2024-04-23,2024-07-21,202.92528735632195,152
1,0.35,12,2024-07-22,2024-10-19,183.56297117516644,163
1,0.35,13,2024-10-20,2025-01-17,186.9258333333334,135
1,0.35,14,2025-01-18,2025-04-17,187.80314465408813,152
1,0.4,1,2021-11-05,2022-02-02,167.4134570765662,181
1,0.4,2,2022-02-03,2022-05-03,176.04444444444462,168
1,0.4,3,2022-05-04,2022-08-01,195.15666666666678,146
1,0.4,4,2022-08-02,2022-10-30,172.3313978494625,194
1,0.4,5,2022-10-31,2023-01-28,186.13125000000014,138
1,0.4,6,2023-01-29,2023-04-28,188.64830699774274,109
1,0.4,7,2023-04-29,2023-07-27,177.90276497695862,194
1,0.4,8,2023-07-28,2023-10-25,202.54529147982055,77
1,0.4,9,2023-10-26,2024-01-23,196.01213389121347,103
1,0.4,10,2024-01-24,2024-04-22,205.79409090909084,91
1,0.4,11,2024-04-23,2024-07-21,203.19587155963313,145
1,0.4,12,2024-07-22,2024-10-19,183.62372093023265,150
1,0.4,13,2024-10-20,2025-01-17,187.1695833333334,128
1,0.4,14,2025-01-18,2025-04-17,187.78930817610072,142
1,0.5,1,2021-11-05,2022-02-02,166.95011600928078,147
1,0.5,2,2022-02-03,2022-05-03,176.19172113289773,127
1,0.5,3,2022-05-04,2022-08-01,197.5783333333335,130
1,0.5,4,2022-08-02,2022-10-30,171.61228448275867,130
1,0.5,5,2022-10-31,2023-01-28,185.57690631808285,108
1,0.5,6,2023-01-29,2023-04-28,190.09419953596282,87
1,0.5,7,2023-04-29,2023-07-27,176.9872389791184,165
1,0.5,8,2023-07-28,2023-10-25,203.4851351351351,72
1,0.5,9,2023-10-26,2024-01-23,197.17194860813706,93
1,0.5,10,2024-01-24,2024-04-22,205.70318181818178,88
1,0.5,11,2024-04-23,2024-07-21,202.76376146789,123
1,0.5,12,2024-07-22,2024-10-19,182.75441860465128,133
1,0.5,13,2024-10-20,2025-01-17,186.75708333333333,112
1,0.5,14,2025-01-18,2025-04-17,187.43920335429777,124
1,0.6,1,2021-11-05,2022-02-02,170.12540415704382,73
1,0.6,2,2022-02-03,2022-05-03,177.49606126914668,112
1,0.6,3,2022-05-04,2022-08-01,198.25875000000002,105
1,0.6,4,2022-08-02,2022-10-30,173.3762979683973,82
1,0.6,5,2022-10-31,2023-01-28,185.43777292576416,93
1,0.6,6,2023-01-29,2023-04-28,190.77287356321833,80
1,0.6,7,2023-04-29,2023-07-27,176.88571428571427,143
1,0.6,8,2023-07-28,2023-10-25,205.38611111111103,71
1,0.6,9,2023-10-26,2024-01-23,200.25172413793106,86
1,0.6,10,2024-01-24,2024-04-22,205.6349999999999,84
1,0.6,11,2024-04-23,2024-07-21,202.9697459584296,113
1,0.6,12,2024-07-22,2024-10-19,182.2953488372094,122
1,0.6,13,2024-10-20,2025-01-17,187.62958333333333,101
1,0.6,14,2025-01-18,2025-04-17,187.33396226415098,113
1,0.7,1,2021-11-05,2022-02-02,172.3185714285714,70
1,0.7,2,2022-02-03,2022-05-03,179.92428571428567,70
1,0.7,3,2022-05-04,2022-08-01,200.81999999999996,70
1,0.7,4,2022-08-02,2022-10-30,177.11857142857139,70
1,0.7,5,2022-10-31,2023-01-28,189.04142857142855,70
1,0.7,6,2023-01-29,2023-04-28,195.45714285714283,70
1,0.7,7,2023-04-29,2023-07-27,176.27906976744183,117
1,0.7,8,2023-07-28,2023-10-25,205.38611111111103,71
1,0.7,9,2023-10-26,2024-01-23,201.09444444444443,81
1,0.7,10,2024-01-24,2024-04-22,206.47050691244232,80
1,0.7,11,2024-04-23,2024-07-21,203.72032332563515,97
1,0.7,12,2024-07-22,2024-10-19,181.56000000000006,109
1,0.7,13,2024-10-20,2025-01-17,187.39124999999999,94
1,0.7,14,2025-01-18,2025-04-17,190.01600000000005,91
1,0.8,1,2021-11-05,2022-02-02,172.3185714285714,70
1,0.8,2,2022-02-03,2022-05-03,179.92428571428567,70
1,0.8,3,2022-05-04,2022-08-01,200.81999999999996,70
1,0.8,4,2022-08-02,2022-10-30,177.11857142857139,70
1,0.8,5,2022-10-31,2023-01-28,189.04142857142855,70
1,0.8,6,2023-01-29,2023-04-28,195.45714285714283,70
1,0.8,7,2023-04-29,2023-07-27,183.1,70
1,0.8,8,2023-07-28,2023-10-25,206.1828571428571,70
1,0.8,9,2023-10-26,2024-01-23,205.0885714285714,70
1,0.8,10,2024-01-24,2024-04-22,213.09428571428566,70
1,0.8,11,2024-04-23,2024-07-21,208.56285714285713,70
1,0.8,12,2024-07-22,2024-10-19,189.55714285714282,70
1,0.8,13,2024-10-20,2025-01-17,192.67714285714283,70
1,0.8,14,2025-01-18,2025-04-17,195.9771428571428,70
